,Player,Pos,Team,1,week_1_opp,2,week_2_opp,3,week_3_opp,4,week_4_opp,5,week_5_opp,6,week_6_opp,7,week_7_opp,8,week_8_opp,9,week_9_opp,10,week_10_opp,11,week_11_opp,12,week_12_opp,13,week_13_opp,14,week_14_opp,15,week_15_opp,16,week_16_opp,17,week_17_opp,2020AVG,2020TTL,18,week_18_opp,19,week_19_opp,20,week_20_opp,21,week_21_opp,22,week_22_opp,23,week_23_opp,24,week_24_opp,25,week_25_opp,26,week_26_opp,27,week_27_opp,28,week_28_opp,29,week_29_opp,30,week_30_opp,31,week_31_opp,32,week_32_opp,33,week_33_opp,34,week_34_opp,35,week_35_opp,2021AVG,2021TTL,36,week_36_opp,37,week_37_opp,38,week_38_opp,39,week_39_opp,40,week_40_opp,41,week_41_opp,42,week_42_opp,43,week_43_opp,44,week_44_opp,45,week_45_opp,46,week_46_opp,47,week_47_opp,48,week_48_opp,49,week_49_opp,50,week_50_opp,51,week_51_opp,52,week_52_opp,53,week_53_opp,2022AVG,2022TTL,54,week_54_opp,55,week_55_opp,56,week_56_opp,57,week_57_opp,58,week_58_opp,59,week_59_opp,60,week_60_opp,61,week_61_opp,62,week_62_opp,63,week_63_opp,64,week_64_opp,65,week_65_opp,66,week_66_opp,67,week_67_opp,68,week_68_opp,69,week_69_opp,70,week_70_opp,71,week_71_opp,2023AVG,2023TTL
0,AJ McCarron,QB,FA,-,,-,,-,,-,,-,,-,,-,,-,,-,,-,,-,,-,,-,,0,,-,,-,,0.8,,0.4,0.8,,,,,,,,,,,,,,,,,,,,,,,,,,,,,,,,,,,,,,,,,,,,,,,,,,,,,,,,,,,,,,,,,,,,,,,,,,,,,-,,-,,-,,-,,-,,-,,-,,-,,-,,-,,-,,-,,-,,0,,-,,-,,-,,0.8,,0.4,0.8
1,Aaron Rodgers,QB,NYJ,30.8,,18.2,,24.5,,29.6,,-,,5.8,,27.3,,22.5,,28.9,,26.4,,22.7,,25.6,,23.5,,30.9,,18.3,,26.1,,26,,24.2,387.3,3.3,,26.8,,18,,24.1,,20.8,,23.7,,24.7,,15.7,,-,,11.5,,33.5,,26.3,,-,,29.6,,23.8,,20,,20.3,,14.2,,21.0,336.3,4.7,,16.4,,17.1,,17.1,,16.9,,11.8,,15.8,,16.2,,16.6,,19.4,,19.1,,11.5,,13.7,,-,,11.9,,14.3,,16.6,,12.2,,14.8,251.2,0,,-,,-,,-,,-,,-,,BYE,,-,,-,,-,,-,,-,,-,,-,,-,,-,,-,,-,,0.0,0.0
2,Aidan O'Connell,QB,LV,,,,,,,,,,,,,,,,,,,,,,,,,,,,,,,,,,,,,,,,,,,,,,,,,,,,,,,,,,,,,,,,,,,,,,,,,,,,,,,,,,,,,,,,,,,,,,,,,,,,,,,,,,,,,,,,,-,,-,,-,,10.8,,-,,-,,6,,-,,8.4,,9.4,,12.1,,13.9,,BYE,,6,,25.9,,2.1,,20.3,,17.9,,12.1,132.8
3,Alex Smith,QB,FA,-,,-,,-,,-,,1.6,,-,,-,,-,,14,,16,,9.3,,9.1,,15.8,,1.3,,-,,-,,12.5,,9.9,79.6,,,,,,,,,,,,,,,,,,,,,,,,,,,,,,,,,,,,,,,,,,,,,,,,,,,,,,,,,,,,,,,,,,,,,,,,,,,,,,,,,,,,,,,,,,,,,,,,,,,,,,,,,,,,,,,,,,
4,Andy Dalton,QB,CAR,-,,0,,-,,-,,2.4,,13,,3.6,,-,,-,,-,,19.3,,13.3,,18.6,,15.3,,17.2,,27.6,,13.6,,13.1,143.9,6.5,,8.7,,-,,-,,0.3,,-,,-,,-,,-,,-,,16,,16.8,,15.8,,-,,-,,-,,11.3,,17.7,,11.7,93.2,-,,-,,-,,13.7,,10.9,,10.5,,29.5,,17.2,,11.9,,9.1,,22.2,,10.3,,13.3,,-,,14.1,,2.6,,7,,11,,13.1,183.2,-,,-,,23.5,,-,,0.1,,-,,BYE,,-,,-,,-,,-,,-,,-,,-,,-,,-,,-,,-,,11.8,23.6
5,Anthony Brown Jr.,QB,LV,,,,,,,,,,,,,,,,,,,,,,,,,,,,,,,,,,,,,,,,,,,,,,,,,,,,,,,,,,,,,,,,,,,,,,,,,,,-,,-,,-,,-,,-,,BYE,,-,,-,,-,,-,,-,,-,,-,,0.1,,-,,-,,-,,7.4,,3.8,7.6,,,,,,,,,,,,,,,,,,,,,,,,,,,,,,,,,,,,,,
6,Anthony Richardson,QB,IND,,,,,,,,,,,,,,,,,,,,,,,,,,,,,,,,,,,,,,,,,,,,,,,,,,,,,,,,,,,,,,,,,,,,,,,,,,,,,,,,,,,,,,,,,,,,,,,,,,,,,,,,,,,,,,,,,21.9,,17.7,,-,,29.6,,4.4,,-,,-,,-,,-,,-,,BYE,,-,,-,,-,,-,,-,,-,,-,,18.4,73.7
7,Bailey Zappe,QB,NE,,,,,,,,,,,,,,,,,,,,,,,,,,,,,,,,,,,,,,,,,,,,,,,,,,,,,,,,,,,,,,,,,,,,,,,,,,,-,,-,,-,,6,,11,,17.4,,7.3,,-,,-,,BYE,,-,,-,,-,,-,,-,,-,,-,,-,,10.4,41.6,-,,-,,-,,2.3,,0.9,,-,,-,,-,,-,,0,,BYE,,1.2,,7.2,,21.9,,10.4,,16.4,,15.1,,2.8,,7.8,78.2
8,Baker Mayfield,QB,TB,10.9,,16.3,,14.3,,15.2,,17.6,,7.3,,30.8,,7.8,,-,,5.4,,7.1,,18.4,,28.5,,31,,21,,8,,16.2,,16.0,255.6,13.6,,18.5,,16.9,,9.3,,23,,13.2,,-,,9.5,,16.7,,5.9,,9.9,,12.3,,-,,16,,-,,14,,15,,-,,13.9,193.9,19,,13.3,,10.7,,7.9,,7.6,,-,,-,,-,,14.2,,-,,7,,-,,-,,14.2,,7.5,,17.4,,4.1,,6.5,,10.8,129.4,16,,18.4,,11,,23.9,,BYE,,7.8,,17.2,,21.4,,19,,19.3,,11.3,,14.4,,10.9,,20.1,,29,,19.8,,18.3,,6.2,,16.7,284.1
9,Ben DiNucci,QB,DEN,-,,-,,-,,-,,BYE,,0,,1.6,,5.4,,-,,-,,-,,-,,-,,-,,-,,-,,-,,2.3,7.0,,,,,,,,,,,,,,,,,,,,,,,,,,,,,,,,,,,,,,,,,,,,,,,,,,,,,,,,,,,,,,,,,,,,,,,,,,,,,,,,,,,,,,,,,,,,,,,,,,,,,,,,,,,,,,,,,,
10,Ben Roethlisberger,QB,FA,22.1,,19.2,,19.2,,-,,21.4,,11,,15.6,,15.3,,25,,29.3,,17.7,,13.5,,19.2,,15.5,,7.7,,25.5,,-,,18.5,277.2,12,,14.8,,15.2,,10.3,,16,,10.9,,-,,14.6,,16.2,,-,,22.9,,10.5,,19.3,,25.8,,11.9,,7.4,,7.8,,12.4,,14.3,228.1,,,,,,,,,,,,,,,,,,,,,,,,,,,,,,,,,,,,,,,,,,,,,,,,,,,,,,,,,,,,,,,,,,,,,,,,,,,,
11,Blaine Gabbert,QB,KC,-,,-,,-,,-,,-,,0.2,,-,,-,,-0.1,,0,,-,,-,,-,,-,,-,,15.2,,-,,3.8,15.3,-,,-0.3,,-,,-,,1.5,,-,,0.6,,-,,-,,-,,0.2,,BYE,,-,,-,,-,,0,,-,,-0.1,,0.3,2.0,-,,-,,-,,-,,-,,-,,-,,BYE,,-,,-,,-,,-,,-,,-,,-,,-,,-,,5.2,,5.2,5.2,-,,-,,-0.9,,-,,-,,-,,-,,-,,-,,BYE,,-,,-,,-,,-,,-,,-,,-,,9.8,,4.5,8.9
12,Brandon Allen,QB,SF,-,,-,,-,,-,,-,,-,,-,,-,,-,,-,,BYE,,7.1,,9.4,,13.9,,-,,23.1,,0.1,,10.7,53.7,-,,-,,-,,-,,-,,4,,-,,-,,0.2,,-,,-,,-0.1,,-,,-,,-,,-,,0,,9.7,,2.8,13.9,-,,-,,-,,-,,-,,-,,-,,-,,0.8,,-,,-,,-,,-,,-,,-,,-,,-,,-,,0.8,0.8,,,,,,,,,,,,,,,,,,,,,,,,,,,,,,,,,,,,,,
13,Brett Rypien,QB,CHI,-,,-,,1.1,,14.2,,-,,-,,0,,-,,-,,-,,BYE,,-,,-,,-,,-,,-,,-,,5.1,15.3,-,,-,,-,,-,,-,,-,,-,,-,,-,,BYE,,-,,-,,-,,-,,-,,-,,0,,-,,0.0,0.0,-,,-,,-,,-,,-,,-,,8.9,,-,,-,,-,,-,,-,,-,,3.6,,8.7,,0.8,,-,,-,,5.5,22.0,-,,-,,-,,-,,-,,-,,-,,1.7,,4.1,,-,,-,,-,,BYE,,-,,-,,-,,-,,-,,2.9,5.8
14,Brian Hoyer,QB,FA,-,,-,,-,,3,,-,,-,,-,,-,,-,,-,,-,,-,,-,,-,,-,,-,,-,,3.0,3.0,-,,-,,-,,-,,-,,-,,2.9,,-,,-0.3,,7.2,,-,,-0.1,,-,,-,,-,,-,,2.6,,-,,2.5,12.3,-,,-,,-,,1.5,,-,,-,,-,,-,,-,,-,,-,,-,,-,,-,,-,,-,,-,,-,,1.5,1.5,-,,-,,-,,-,,-,,3.8,,3.2,,-,,-,,-,,-,,-,,-,,-,,-,,-,,-,,-,,3.5,6.9
15,Brock Purdy,QB,SF,,,,,,,,,,,,,,,,,,,,,,,,,,,,,,,,,,,,,,,,,,,,,,,,,,,,,,,,,,,,,,,,,,,,,,,,,,,-,,-,,-,,-,,-0.1,,-,,1.7,,-,,BYE,,-,,0.3,,-,,15.3,,21.7,,16.5,,17,,18.1,,19.8,,12.3,110.3,16.8,,14.7,,20.3,,21.3,,26.1,,8.7,,14.8,,20.3,,BYE,,23.8,,26.7,,11.5,,29.5,,22.4,,25.7,,6.4,,17.6,,-,,19.2,306.6
16,Bryce Perkins,QB,FA,,,,,,,,,,,,,,,,,,,,,,,,,,,,,,,,,,,,,,,,,,,,,,,,,,,,,,,,,,,,,,,,,,,,,,,,,,,-,,-,,-,,-,,-,,-,,-,,-,,-,,0.3,,6.5,,10.4,,0.5,,-,,-,,-0.2,,-,,-,,3.5,17.4,,,,,,,,,,,,,,,,,,,,,,,,,,,,,,,,,,,,,,
17,Bryce Young,QB,CAR,,,,,,,,,,,,,,,,,,,,,,,,,,,,,,,,,,,,,,,,,,,,,,,,,,,,,,,,,,,,,,,,,,,,,,,,,,,,,,,,,,,,,,,,,,,,,,,,,,,,,,,,,,,,,,,,,9.5,,13.5,,-,,7.2,,20.3,,12.7,,BYE,,14.5,,12,,9.2,,6.2,,8.1,,8.1,,7.5,,7.6,,22.2,,3.7,,4.2,,10.4,166.4
18,C.J. Beathard,QB,JAC,-,,-,,-,,5.5,,5.8,,-,,-,,BYE,,-,,0,,-,,-,,-,,-,,8,,19.1,,13.9,,8.7,52.3,-,,-,,-,,-,,-,,-,,BYE,,-,,1.3,,-,,-,,-,,0.2,,-,,-,,-,,-,,-,,0.8,1.5,-,,-,,-0.1,,-,,-,,-,,-,,-,,-,,-,,BYE,,-,,0.2,,-,,-,,-0.3,,0.2,,-,,0.0,0.0,-,,-,,0.4,,-,,-,,-0.2,,-,,-,,BYE,,0.2,,0,,-,,3.2,,-,,-,,8.4,,9.5,,0,,2.7,21.5
19,C.J. Stroud,QB,HOU,,,,,,,,,,,,,,,,,,,,,,,,,,,,,,,,,,,,,,,,,,,,,,,,,,,,,,,,,,,,,,,,,,,,,,,,,,,,,,,,,,,,,,,,,,,,,,,,,,,,,,,,,,,,,,,,,9.7,,21.5,,20.6,,21.8,,14.2,,15.2,,BYE,,12.9,,41.8,,20,,18.3,,30.9,,16.1,,3.6,,-,,-,,12.9,,20.6,,18.7,280.0
20,Cam Newton,QB,FA,25.7,,35.6,,12.2,,-,,-,,19.5,,2.8,,18.4,,24.6,,16.8,,19.2,,6,,23.6,,5.4,,12.2,,9.8,,37.5,,17.9,269.0,-,,-,,-,,-,,-,,-,,-,,-,,-,,11.7,,26.2,,8.2,,-,,14.8,,24.3,,5.6,,0.5,,0,,11.4,91.4,,,,,,,,,,,,,,,,,,,,,,,,,,,,,,,,,,,,,,,,,,,,,,,,,,,,,,,,,,,,,,,,,,,,,,,,,,,,
21,Carson Wentz,QB,KC,15,,14.4,,23.5,,22.4,,19.4,,29.4,,28.8,,10.6,,-,,8.7,,16.4,,19.8,,5,,-,,-,,-,,-,,17.8,213.4,18.3,,18.6,,7.8,,17.9,,22.6,,17,,20.3,,20.3,,24.2,,7.1,,10,,22.3,,11.1,,-,,7,,17.4,,10.9,,12.1,,15.6,265.0,29.7,,28.8,,8.6,,9.3,,22.9,,4.2,,-,,BYE,,-,,-,,-,,-,,-,,-,,-,,8.9,,9.4,,-,,15.2,121.8,-,,-,,-,,-,,-,,-,,-,,-,,-,,BYE,,-,,0,,-,,-,,-,,-,,-,,27.1,,13.6,27.1
22,Case Keenum,QB,HOU,-,,-,,-,,-,,-,,1.8,,-,,BYE,,-,,-,,-,,-,,-,,-,,-,,0,,-,,0.9,1.8,-,,-,,0,,-,,-,,0.2,,12.7,,-,,-,,3.2,,-,,-,,-,,-,,-,,-,,-,,13.5,,5.9,29.7,-,,0.2,,-,,-,,0.1,,BYE,,-,,-,,-,,-,,-,,-,,-,,-,,-,,-,,-,,-,,0.2,0.3,-,,-,,-,,-,,-,,-,,BYE,,-,,-,,-,,-,,-,,-,,-,,12.3,,0.5,,-,,-,,6.4,12.7
23,Chad Henne,QB,FA,-,,-,,-,,-,,-,,-,,6.3,,0.7,,-,,-,,-,,-,,-,,-,,-,,-,,16.7,,7.9,23.7,-,,-,,-,,-,,-,,-,,3.7,,-,,-,,-0.2,,-,,-,,-,,-0.2,,-,,0,,-,,-,,0.8,3.3,0,,-,,-,,-,,-,,-,,-0.3,,-,,-,,-,,-,,-,,-,,-,,-,,-,,-,,-0.2,,-0.2,-0.5,,,,,,,,,,,,,,,,,,,,,,,,,,,,,,,,,,,,,,
24,Chase Daniel,QB,FA,-,,-,,-,,-,,-,,-,,-,,-,,7.3,,-,,-,,-,,-,,1.2,,2.3,,3.4,,-,,3.5,14.2,-,,-,,-,,-,,-,,-,,-,,-,,-,,-,,-,,-,,-,,-0.2,,-,,-,,-,,-,,-0.2,-0.2,-,,-,,-,,-,,-,,-,,-,,-,,-,,0,,-,,-,,-,,-,,-,,-,,1.1,,7.4,,2.8,8.5,,,,,,,,,,,,,,,,,,,,,,,,,,,,,,,,,,,,,,
25,Chris Oladokun,QB,KC,,,,,,,,,,,,,,,,,,,,,,,,,,,,,,,,,,,,,,,,,,,,,,,,,,,,,,,,,,,,,,,,,,,,,,,,,,,,,,,,,,,,,,,,,,,,,,,,,,,,,,,,,,,,,,,,,-,,-,,-,,-,,-,,0,,-,,0,,-,,BYE,,-,,-,,-,,-,,-,,-,,-,,-,,0.0,0.0
26,Chris Streveler,QB,FA,0.3,,0,,0,,-,,-,,-,,-,,-,,-,,-,,0,,-,,-,,-,,-,,-,,8.4,,1.7,8.7,-,,-,,-,,-,,-,,-,,-,,-,,0.2,,1.8,,-,,-,,-,,-,,-,,-,,-,,-,,1.0,2.0,-,,-,,-,,-,,-,,-,,-,,-,,-,,-,,-,,-,,-,,-,,-,,9,,-,,-,,9.0,9.0,,,,,,,,,,,,,,,,,,,,,,,,,,,,,,,,,,,,,,
27,Clayton Tune,QB,ARI,,,,,,,,,,,,,,,,,,,,,,,,,,,,,,,,,,,,,,,,,,,,,,,,,,,,,,,,,,,,,,,,,,,,,,,,,,,,,,,,,,,,,,,,,,,,,,,,,,,,,,,,,,,,,,,,,0,,-,,-,,-,,-,,-,,0.2,,-,,1.1,,6.1,,-,,2,,-,,BYE,,0,,-,,0,,0.1,,1.2,9.5
28,Colt McCoy,QB,FA,-,,-,,-,,-,,-,,-,,-,,-,,-,,-,,-,,1.9,,9.4,,-1.3,,9.1,,-,,-,,4.8,19.2,-,,-,,-,,-0.2,,-,,-0.3,,-0.1,,-,,16.3,,1.2,,22.9,,-,,-,,0,,2.5,,-,,-,,-,,5.3,42.3,-,,-,,-,,-,,-,,-,,-,,-,,-,,13.9,,8.3,,-,,-,,11.2,,2.3,,-,,-,,-,,9.0,35.8,,,,,,,,,,,,,,,,,,,,,,,,,,,,,,,,,,,,,,
29,Cooper Rush,QB,DAL,,,,,,,,,,,,,,,,,,,,,,,,,,,,,,,,,,,,,-,,-,,-,,-,,-,,-,,BYE,,18.2,,-,,0.1,,-,,-,,-,,-,,-,,6.8,,-,,0,,6.3,25.1,2.6,,13.6,,12.4,,17.6,,4,,8.2,,-,,-,,BYE,,-,,1.2,,-,,-,,-,,-,,-,,-,,0,,7.5,59.6,0,,0,,-,,0.6,,0.1,,-,,BYE,,-0.2,,-,,2.2,,0.3,,-,,-,,-,,-,,-,,-,,1.2,,0.5,4.3
30,Dak Prescott,QB,DAL,17.6,,39.8,,29.5,,38.3,,13.4,,-,,-,,-,,-,,BYE,,-,,-,,-,,-,,-,,-,,-,,27.7,138.6,28.4,,8.5,,20.1,,27,,21.7,,27.8,,BYE,,-,,19.9,,26.3,,4.6,,25.3,,12.2,,11.9,,10.6,,31.3,,23,,31.8,,20.7,330.6,5.5,,-,,-,,-,,-,,-,,12.3,,26.4,,BYE,,21.2,,20.6,,16.8,,17.8,,15.7,,22.2,,29,,16.4,,9.7,,17.8,213.6,6.3,,19.6,,15.4,,14.3,,7.3,,24.9,,BYE,,29.1,,28.4,,38.9,,16.2,,32.2,,28.3,,17.9,,7.1,,18.6,,21.3,,26.2,,20.7,351.8
31,Daniel Jones,QB,NYG,19.4,,8.7,,9.1,,11.1,,8.2,,14.9,,21.7,,18.2,,12.9,,22.2,,BYE,,10.4,,-,,3.1,,-,,14.4,,15.9,,13.6,190.0,21.4,,29.5,,16.5,,27.8,,4.8,,7.1,,16.5,,17.1,,8.1,,BYE,,9.7,,15.1,,-,,-,,-,,-,,-,,-,,15.8,173.5,17,,13.1,,14.7,,21.6,,12.4,,13.5,,28.8,,9,,BYE,,18.3,,26.6,,14.5,,17.1,,19.4,,9.9,,21.8,,36.2,,-,,18.4,294.0,6.5,,31.7,,5,,10.7,,7.2,,-,,-,,-,,1.9,,-,,-,,-,,BYE,,-,,-,,-,,-,,-,,10.5,63.0
32,David Blough,QB,FA,-,,-,,-,,-,,-,,-,,-,,-,,-,,-,,-,,-,,-,,-,,-,,2.8,,-,,2.8,2.8,-,,-,,-,,-,,-,,-,,-,,0.6,,-,,-,,-,,-,,-,,-,,-,,-,,-,,-,,0.6,0.6,-,,-,,-,,-,,-,,-,,-,,-,,-,,-,,-,,-,,-,,-,,-,,-,,13.6,,7,,10.3,20.6,,,,,,,,,,,,,,,,,,,,,,,,,,,,,,,,,,,,,,
33,Davis Cheek,QB,FA,,,,,,,,,,,,,,,,,,,,,,,,,,,,,,,,,,,,,,,,,,,,,,,,,,,,,,,,,,,,,,,,,,,,,,,,,,,-,,-,,-,,-,,-,,-,,-,,-,,-,,-,,-,,-,,-,,-,,0,,-,,-,,-,,0.0,0.0,,,,,,,,,,,,,,,,,,,,,,,,,,,,,,,,,,,,,,
34,Davis Mills,QB,HOU,,,,,,,,,,,,,,,,,,,,,,,,,,,,,,,,,,,,,-,,7,,10.7,,-0.3,,24.7,,8.2,,3.4,,21.4,,-,,BYE,,-,,-,,3.1,,18,,15.6,,18.1,,9.9,,27.2,,12.8,167.0,15.5,,7.2,,11.8,,15.8,,5.8,,BYE,,19.1,,9.9,,14,,15.8,,11.8,,-,,-,,6.2,,18.9,,10.9,,9.4,,24.5,,13.1,196.5,-,,-,,-,,-,,-,,-,,BYE,,-,,-,,-,,0.1,,-,,0.7,,0.2,,0,,16.9,,0,,-,,3.0,17.8
35,Davis Webb,QB,FA,,,,,,,,,,,,,,,,,,,,,,,,,,,,,,,,,,,,,-,,-,,-,,-,,-,,-,,-,,-,,-,,-0.3,,-,,-,,-,,-,,-,,-,,-,,-,,-0.3,-0.3,-,,-,,-,,-,,-,,-,,-,,-,,-,,-,,-,,-,,-,,-,,-,,-,,-,,20.8,,20.8,20.8,,,,,,,,,,,,,,,,,,,,,,,,,,,,,,,,,,,,,,
36,Derek Carr,QB,NO,13.6,,21.7,,15.4,,20.4,,25,,BYE,,20.3,,12.5,,14,,7.2,,22.6,,1.6,,32.7,,25.8,,2.1,,23.2,,22.9,,17.6,281.1,25,,24.2,,22.2,,15.4,,8.2,,21.5,,20,,-,,12.3,,19.2,,9.6,,21,,12.4,,11.5,,11.1,,9.5,,12.2,,15.3,,15.9,271.0,16.8,,19,,20.8,,11.5,,17.9,,-,,13.5,,2.9,,18.4,,17.9,,20.3,,22.8,,17,,4.6,,20.2,,9.4,,-,,-,,15.5,233.1,15.6,,7.7,,8.1,,3.2,,15.7,,17.3,,18.4,,18.3,,16.7,,5.4,,BYE,,11.9,,9.9,,11.8,,20.3,,26,,15.6,,27.2,,14.7,249.1
37,Deshaun Watson,QB,CLE,21.8,,15.7,,18.1,,20.9,,26.9,,32,,24.2,,-,,24.2,,14.1,,31.4,,33.1,,20.4,,16.6,,23.4,,26.8,,26.8,,23.5,376.3,,,,,,,,,,,,,,,,,,,,,,,,,,,,,,,,,,,,,,,-,,-,,-,,-,,-,,-,,-,,-,,BYE,,-,,-,,-,,6.3,,17.3,,12.6,,12.8,,21.9,,19.6,,15.1,90.6,21.7,,12.6,,21.2,,-,,BYE,,-,,-0.8,,-,,19,,17.2,,-,,-,,-,,-,,-,,-,,-,,-,,15.1,90.8
38,Desmond Ridder,QB,ARI,,,,,,,,,,,,,,,,,,,,,,,,,,,,,,,,,,,,,,,,,,,,,,,,,,,,,,,,,,,,,,,,,,,,,,,,,,,-,,-,,-,,-,,-,,-,,-,,-,,-,,-,,-,,-,,BYE,,-,,7.7,,9.5,,5.7,,15.9,,9.7,38.7,7.9,,22.4,,6.3,,8.2,,26.2,,19.1,,13.8,,3.4,,-,,8.7,,-,,11.7,,8.8,,26.4,,8.9,,-,,-0.3,,16.6,,12.5,188.1
39,Dorian Thompson-Robinson,QB,CLE,,,,,,,,,,,,,,,,,,,,,,,,,,,,,,,,,,,,,,,,,,,,,,,,,,,,,,,,,,,,,,,,,,,,,,,,,,,,,,,,,,,,,,,,,,,,,,,,,,,,,,,,,,,,,,,,,-,,-,,-,,4.2,,BYE,,-,,-,,0.4,,-,,-,,7.6,,11.5,,-,,0.5,,0.2,,1.7,,-,,-,,3.7,26.1
40,Drew Brees,QB,FA,14.4,,15.5,,23.5,,16.5,,22.1,,-,,23.7,,19.6,,22.7,,6.9,,-,,-,,-,,-,,20.4,,10.1,,20,,18.0,215.5,,,,,,,,,,,,,,,,,,,,,,,,,,,,,,,,,,,,,,,,,,,,,,,,,,,,,,,,,,,,,,,,,,,,,,,,,,,,,,,,,,,,,,,,,,,,,,,,,,,,,,,,,,,,,,,,,,
41,Drew Lock,QB,NYG,13.1,,-1.2,,-,,-,,-,,5.5,,15,,20.8,,30.2,,11,,12.1,,-,,12.9,,25.6,,11,,16.1,,24.3,,15.1,196.3,-,,-,,-,,3.5,,-,,-,,-,,-,,-,,BYE,,-,,0,,-,,-,,5.3,,7.1,,14.9,,22,,8.8,52.9,,,,,,,,,,,,,,,,,,,,,,,,,,,,,,,,,,,,,,,-,,-,,-,,3.6,,-,,-,,-,,-,,-,,-,,-0.9,,-,,BYE,,17.3,,12.1,,-,,-,,-,,8.0,32.1
42,Dwayne Haskins,QB,FA,12.8,,11.7,,12.2,,18.9,,-,,-,,-,,-,,-,,-,,-,,-,,-,,0.8,,16.6,,2.2,,-,,10.7,75.2,,,,,,,,,,,,,,,,,,,,,,,,,,,,,,,,,,,,,,,,,,,,,,,,,,,,,,,,,,,,,,,,,,,,,,,,,,,,,,,,,,,,,,,,,,,,,,,,,,,,,,,,,,,,,,,,,,
43,Easton Stick,QB,LAC,-,,-,,-,,-,,-,,BYE,,0,,-,,-,,-,,-,,-,,-,,-,,-,,-,,-,,0.0,-0.0,,,,,,,,,,,,,,,,,,,,,,,,,,,,,,,,,,,,,,,,,,,,,,,,,,,,,,,,,,,,,,,,,,,,,,,,,,,,,-,,-,,-,,-,,BYE,,-,,-,,-,,-,,-,,-,,-,,-,,5.2,,18.4,,16.6,,11.9,,16,,13.6,68.1
44,Feleipe Franks,QB,ATL,,,,,,,,,,,,,,,,,,,,,,,,,,,,,,,,,,,,,0,,-,,-,,0.3,,-,,BYE,,-,,-,,0.3,,0,,-1,,0,,-,,-,,-,,-,,-,,-,,-0.1,-0.4,-,,-,,-,,-,,0,,-,,0,,0,,-,,-,,-,,-,,0,,BYE,,0,,-,,-,,-,,0.0,0.0,,,,,,,,,,,,,,,,,,,,,,,,,,,,,,,,,,,,,,
45,Gardner Minshew II,QB,LV,20.8,,25.5,,10.2,,21.9,,19.8,,18.1,,19,,-,,-,,-,,-,,-,,-,,13.3,,15.9,,-,,-,,18.3,164.7,-,,-,,-,,-,,-,,-,,-,,0.4,,-,,-,,-,,-,,18.8,,-,,-,,-,,-,,15.4,,11.6,34.7,-,,-,,-,,-,,-,,BYE,,-,,0.8,,-,,-,,-,,-,,0.4,,-0.1,,-,,24.7,,14,,-,,8.0,39.8,0,,11.1,,13.1,,-,,6.3,,12.6,,28.1,,15.8,,9.6,,6.7,,-,,15.6,,18.7,,15.1,,20.6,,10.1,,13.3,,8.5,,12.8,205.2
46,Garrett Gilbert,QB,FA,-,,-,,-,,-,,-,,-,,-,,-,,15.5,,-,,-,,-,,-,,-,,-,,-,,0,,7.8,15.5,-,,-,,-,,-,,-,,-,,-,,-,,-,,-,,-,,-,,-,,-,,7.8,,-,,-,,-,,7.8,7.8,,,,,,,,,,,,,,,,,,,,,,,,,,,,,,,,,,,,,,,,,,,,,,,,,,,,,,,,,,,,,,,,,,,,,,,,,,,,
47,Geno Smith,QB,SEA,-,,-,,-,,-,,-,,BYE,,-,,-,,-,,-,,-,,-,,-,,1.1,,-,,-,,-,,1.1,1.1,-,,-,,-,,-,,10.5,,10.3,,11.9,,22.6,,BYE,,-,,-,,-,,-,,-,,-,,-,,-,,-,,13.8,55.3,17.2,,7.1,,19.9,,31.7,,24,,12.7,,14.1,,19.1,,21.8,,19.2,,BYE,,20.3,,24,,22.6,,15.3,,13.2,,17.1,,15.6,,18.5,314.9,9.1,,23.1,,16.4,,8.2,,BYE,,13,,14.8,,15.9,,3.7,,24.1,,13.2,,8.3,,31,,-,,-,,17.3,,16.9,,20.4,,15.7,235.3
48,Ian Book,QB,KC,,,,,,,,,,,,,,,,,,,,,,,,,,,,,,,,,,,,,-,,-,,-,,-,,-,,-,,-,,-,,-,,-,,-,,BYE,,-,,-,,-,,4,,-,,-,,4.0,4.0,,,,,,,,,,,,,,,,,,,,,,,,,,,,,,,,,,,,,,,,,,,,,,,,,,,,,,,,,,,,,,,,,,,,,,,,,,,,
49,Jacob Eason,QB,NYG,,,,,,,,,,,,,,,,,,,,,,,,,,,,,,,,,,,,,-,,0,,-,,-,,-,,-,,-,,-,,-,,BYE,,-,,-,,-,,-,,-,,-,,-,,-,,0.0,0.0,-,,-,,-,,-,,-,,1.4,,-,,-,,BYE,,-,,-,,-,,-,,-,,-,,-,,-,,-,,1.4,1.4,-,,-,,-,,-,,-,,-,,-,,-,,-,,-,,0,,0,,BYE,,-,,-,,-,,-,,-,,0.0,0.0
50,Jacoby Brissett,QB,NE,0,,-,,0.7,,-,,BYE,,-,,-,,-,,0,,6.2,,0.9,,12.3,,0.1,,-0.2,,0.2,,0.1,,0.3,,1.9,20.6,0.4,,6.6,,20.3,,14.8,,16,,1,,-,,-,,10.5,,6.6,,-,,-,,-,,BYE,,0.2,,0,,0,,-,,6.9,76.3,10.9,,16.5,,17.9,,16,,15.4,,10.6,,10.1,,20.3,,-,,16.5,,25.9,,14.1,,-,,0,,0.3,,-,,0.2,,-,,12.5,174.6,-,,-,,-,,-,,-,,-,,-,,-,,-,,-,,BYE,,-,,0,,-,,13.9,,9,,-,,-,,7.6,22.9
51,Jake Browning,QB,CIN,,,,,,,,,,,,,,,,,,,,,,,,,,,,,,,,,,,,,,,,,,,,,,,,,,,,,,,,,,,,,,,,,,,,,,,,,,,,,,,,,,,,,,,,,,,,,,,,,,,,,,,,,,,,,,,,,-0.1,,-,,-,,-,,-,,-,,BYE,,-,,-,,-,,10.7,,13,,25.7,,24.7,,20,,16.4,,21.1,,19,,16.7,150.4
52,Jake Fromm,QB,WAS,,,,,,,,,,,,,,,,,,,,,,,,,,,,,,,,,,,,,-,,-,,-,,-,,-,,-,,-,,-,,BYE,,-,,-,,-,,-,,-,,3.3,,1.2,,-,,9.4,,4.6,13.9,,,,,,,,,,,,,,,,,,,,,,,,,,,,,,,,,,,,,,,,,,,,,,,,,,,,,,,,,,,,,,,,,,,,,,,,,,,,
53,Jake Luton,QB,FA,-,,-,,-,,-,,-,,-,,-,,-,,22.5,,9.8,,2,,-,,-,,-,,-,,-,,-,,11.4,34.3,,,,,,,,,,,,,,,,,,,,,,,,,,,,,,,,,,,,,,,,,,,,,,,,,,,,,,,,,,,,,,,,,,,,,,,,,,,,,,,,,,,,,,,,,,,,,,,,,,,,,,,,,,,,,,,,,,
54,Jalen Hurts,QB,PHI,-,,0,,0.5,,1.8,,0.7,,2.6,,0.2,,0.4,,BYE,,-0.1,,0.6,,0.2,,10.3,,19.3,,37.8,,20.6,,17.3,,7.5,112.1,28.8,,21.8,,22.5,,28.2,,23.9,,26,,23.5,,11.2,,16.7,,19.6,,30.8,,9.9,,-,,BYE,,28.6,,16.7,,13,,-,,21.4,321.2,24.7,,34,,27.6,,17,,27.7,,16.9,,BYE,,28.4,,20,,22.8,,24.2,,29.8,,34.4,,30.4,,36.7,,-,,-,,9.5,,25.6,384.0,12.5,,26.2,,21.9,,24.2,,28.3,,22.9,,24.3,,27.4,,25.9,,BYE,,19.9,,35.5,,23.9,,8.9,,23.9,,24.4,,20.2,,1.6,,21.9,371.8
55,Jameis Winston,QB,CLE,-,,-,,-,,-,,-,,-,,-,,-,,0.2,,2.3,,-,,0,,-,,-,,-,,-,,-0.1,,0.6,2.4,29.6,,10.3,,13.5,,13,,26.8,,-,,16.9,,10.2,,-,,-,,-,,-,,BYE,,-,,-,,-,,-,,-,,17.2,120.4,21.7,,10.6,,16.6,,-,,-,,-,,-,,-,,BYE,,-,,-,,-,,-,,-,,-,,-,,-,,-,,16.3,48.9,-,,-,,4,,-1,,-0.4,,-,,-,,-,,-,,10.9,,-,,-,,1.6,,-0.2,,-,,-,,-,,0,,2.1,15.0
56,Jared Goff,QB,DET,11.5,,24,,28.2,,11.7,,25.4,,15.9,,16.9,,12.2,,-,,10.5,,25,,5,,24.1,,15.6,,16.3,,10.7,,-,,16.9,253.0,29.9,,19.4,,9.1,,16.8,,7.1,,9.2,,13,,8.9,,BYE,,4.6,,-,,12.8,,20.9,,12.6,,20.6,,-,,-,,17.5,,14.5,202.5,16.5,,26,,14.9,,34.2,,6.9,,BYE,,3.5,,17.6,,12.4,,14.8,,6.5,,17.6,,21.6,,26.1,,14.1,,25.7,,22.4,,9.5,,17.1,290.3,14,,23.9,,19,,12.4,,27.4,,22.4,,10.4,,13.7,,BYE,,21.1,,16.7,,18.2,,16.3,,8.4,,31.1,,14.3,,12.8,,20.8,,17.8,303.1
57,Jaren Hall,QB,MIN,,,,,,,,,,,,,,,,,,,,,,,,,,,,,,,,,,,,,,,,,,,,,,,,,,,,,,,,,,,,,,,,,,,,,,,,,,,,,,,,,,,,,,,,,,,,,,,,,,,,,,,,,,,,,,,,,-,,-,,-,,-,,-,,-,,-,,-1.2,,4.2,,-,,-,,-,,BYE,,-,,-,,-,,0.1,,-,,1.0,3.1
58,Jarrett Stidham,QB,DEN,-,,-,,-,,4.7,,BYE,,-,,1.9,,-,,-,,-,,-,,-,,6.2,,1.4,,-,,1.8,,-,,3.2,15.9,,,,,,,,,,,,,,,,,,,,,,,,,,,,,,,,,,,,,,,-,,-,,-,,-,,-,,-,,-,,2.9,,BYE,,-,,-,,-,,-,,-,,-,,-,,28,,14.8,,15.2,45.6,-,,-,,-,,-,,-,,-,,-,,-,,BYE,,-,,-,,-,,-,,-,,0,,-,,13.6,,14.1,,9.2,27.6
59,Jeff Driskel,QB,WAS,-,,19.7,,11.4,,0.9,,-,,-,,-,,BYE,,-,,-,,-,,-,,-,,-,,-,,-,,-,,10.7,32.1,,,,,,,,,,,,,,,,,,,,,,,,,,,,,,,,,,,,,,,0.5,,1,,-,,-,,-,,-,,-,,-,,-,,-,,-,,-,,-,,9.1,,1.1,,2.2,,1.1,,1.2,,2.3,16.2,-,,-,,-,,-,,-,,-,,-,,-,,-,,-,,-,,-,,-,,BYE,,-,,-,,-,,15.9,,15.9,15.9
60,Jimmy Garoppolo,QB,LAR,19.3,,13.2,,-,,-,,1.1,,23.5,,9.5,,2.8,,BYE,,-,,-,,-,,-,,-,,-,,-,,-,,11.6,69.3,14.8,,19.6,,15.7,,9.6,,-,,-,,7.2,,27.3,,20.3,,15.4,,15.6,,12.2,,18,,20.1,,13.8,,15.2,,-,,14.7,,16.0,239.5,-,,16.7,,9.4,,13.9,,18,,18.9,,17.3,,17.7,,-,,15.9,,25.4,,13.3,,2.2,,-,,-,,-,,-,,-,,15.3,168.8,16.1,,9.5,,20.7,,-,,11.7,,9.9,,-,,5.2,,-,,BYE,,-,,-,,-,,-,,-,,-,,-,,0,,10.4,73.1
61,Joe Burrow,QB,CIN,17.3,,24.5,,20.4,,16.1,,5.3,,17.7,,34.6,,18.9,,BYE,,12.5,,11.3,,-,,-,,-,,-,,-,,-,,17.9,178.7,18.6,,13.3,,18.6,,22.3,,20.3,,23.8,,27.6,,21.3,,9.4,,BYE,,9,,17.4,,18.6,,22.2,,12.8,,38.1,,34.8,,-,,20.5,328.2,22.2,,16.6,,23,,20.1,,18.3,,32.5,,39.2,,14.5,,19.1,,BYE,,28.7,,18,,30,,17.6,,25.8,,25.5,,6.3,,11.6,,21.7,369.0,3.2,,16.4,,9.2,,4.7,,24.4,,14.8,,BYE,,27.6,,22.3,,21.9,,8.7,,-,,-,,-,,-,,-,,-,,-,,15.3,153.2
62,Joe Flacco,QB,IND,-,,-,,-,,0.6,,13.8,,6.4,,BYE,,-,,21.5,,-,,15.4,,-,,-,,-,,-,,-,,-,,11.6,57.8,-,,-,,-,,-,,-,,-,,-,,-,,-,,5.9,,17.9,,-,,-,,BYE,,-,,-,,-,,-,,11.9,23.8,15.4,,26.9,,5.4,,-,,-,,-,,-,,-,,-,,-,,-,,-,,-,,-2,,-,,-,,-,,5.7,,10.3,51.3,-,,-,,-,,-,,-,,-,,-,,-,,-,,-,,BYE,,-,,17.2,,21.3,,19.9,,26.8,,23.7,,-,,21.8,108.8
63,Joe Webb III,QB,FA,-,,-,,-,,-,,-,,-,,-,,-,,-,,-,,-,,-,,-,,-,,0,,0,,-,,0.0,0.0,,,,,,,,,,,,,,,,,,,,,,,,,,,,,,,,,,,,,,,,,,,,,,,,,,,,,,,,,,,,,,,,,,,,,,,,,,,,,,,,,,,,,,,,,,,,,,,,,,,,,,,,,,,,,,,,,,
64,John Lovett,QB,FA,0,,0,,0,,0,,-,,0,,0,,0,,0.6,,-,,-,,-,,-,,-,,-,,-,,-,,0.1,0.6,,,,,,,,,,,,,,,,,,,,,,,,,,,,,,,,,,,,,,,,,,,,,,,,,,,,,,,,,,,,,,,,,,,,,,,,,,,,,,,,,,,,,,,,,,,,,,,,,,,,,,,,,,,,,,,,,,
65,John Wolford,QB,TB,-,,-,,-,,-,,-,,-,,-,,-,,-,,-,,-,,-,,BYE,,-,,-,,-,,13.8,,13.8,13.8,-,,-,,-,,-,,-,,-1.1,,-,,0.2,,BYE,,-,,-,,-,,-,,-,,-,,-,,-,,-,,-0.5,-0.9,-,,-,,-,,-,,-,,-,,-,,-,,-,,9.8,,BYE,,-,,8,,-,,-,,-,,-,,-,,8.9,17.8,,,,,,,,,,,,,,,,,,,,,,,,,,,,,,,,,,,,,,
66,Jordan Love,QB,GB,,,,,,,,,,,,,,,,,,,,,,,,,,,,,,,,,,,,,0.7,,-0.3,,-,,-,,-,,-,,-,,-,,12.9,,-,,-0.1,,-,,BYE,,-,,-,,-,,1.7,,9.3,,4.0,24.1,2.6,,-,,-,,-,,-,,0.3,,-,,-,,-,,-,,-,,8.5,,-,,BYE,,-,,-,,0.3,,-,,2.9,11.7,23,,20.3,,25.3,,19.6,,8,,BYE,,16.3,,15.6,,13.8,,18.7,,20.9,,26.6,,23.7,,9.9,,17.5,,24,,28.4,,18.5,,19.4,330.1
67,Josh Allen,QB,BUF,28.2,,34.5,,32.2,,25.4,,18.3,,16.1,,16.4,,13.5,,36,,28.4,,BYE,,16.5,,30.1,,19.3,,37.7,,32.3,,20.3,,25.3,405.1,17.2,,17.7,,37.2,,21,,36.5,,29.7,,BYE,,29.5,,11.6,,21.9,,18.2,,28.7,,11.7,,36.2,,21.8,,31,,23.9,,23.9,,24.6,417.6,33.5,,29.7,,26.7,,24.5,,36.2,,26.4,,BYE,,19.6,,26.8,,21.6,,12.6,,30.9,,16.9,,20.6,,35.9,,25,,2.7,,22.8,,24.2,412.2,12,,23.7,,22.3,,36.5,,28.8,,14.9,,25.3,,30.1,,25.7,,16.4,,23.5,,40.7,,BYE,,21.5,,16.2,,26,,22.2,,25.1,,24.2,410.6
68,Josh Johnson,QB,BAL,,,,,,,,,,,,,,,,,,,,,,,,,,,,,,,,,,,,,-,,-,,-,,-,,-,,-,,-,,0.7,,25.5,,-,,-,,2,,-,,-,,-,,20.2,,-,,-,,12.1,48.3,-,,-,,-,,-,,-,,-,,-,,-,,-,,BYE,,-,,-,,-,,0.7,,-,,-,,-,,-,,0.7,0.7,,,,,,,,,,,,,,,,,,,,,,,,,,,,,,,,,,,,,,
69,Josh Rosen,QB,FA,,,,,,,,,,,,,,,,,,,,,,,,,,,,,,,,,,,,,-,,0,,-,,-,,-,,-,,-,,-,,-,,-0.4,,-0.8,,-,,-,,-,,-,,-,,-,,-,,-0.4,-1.2,,,,,,,,,,,,,,,,,,,,,,,,,,,,,,,,,,,,,,,,,,,,,,,,,,,,,,,,,,,,,,,,,,,,,,,,,,,,
70,Joshua Dobbs,QB,SF,-,,-,,-,,-,,-,,-,,-,,-,,-,,-,,BYE,,-,,-,,-,,-,,-,,2.1,,2.1,2.1,,,,,,,,,,,,,,,,,,,,,,,,,,,,,,,,,,,,,,,-,,-,,-,,-,,-,,-,,-,,-,,BYE,,-,,-,,-,,-,,-,,-,,-,,11.5,,11.4,,11.4,22.8,1,,25.2,,17.1,,23.4,,10.7,,11.1,,16.1,,24.9,,24.9,,25.1,,17.9,,8.5,,-,,4.6,,-,,-,,-,,-,,16.2,210.7
71,Justin Fields,QB,PIT,,,,,,,,,,,,,,,,,,,,,,,,,,,,,,,,,,,,,6.7,,4.5,,3.9,,8.3,,8.8,,14.3,,4.2,,26.3,,19.1,,-,,3.5,,-,,-,,20.4,,16.9,,-,,-,,-,,11.4,136.8,14.6,,9.8,,6.9,,10.2,,17,,19.4,,24.4,,26,,42.7,,40.4,,23.6,,-,,21.3,,-,,23.6,,9.9,,17.2,,-,,20.5,307.0,15.5,,16.7,,11.7,,28.9,,33,,5.9,,-,,-,,-,,-,,21.2,,10.6,,-,,24.7,,11.6,,25.5,,25.2,,8.6,,18.4,239.2
72,Justin Herbert,QB,LAC,-,,23.2,,15.7,,24,,27.4,,BYE,,38.5,,23.2,,23.4,,21.5,,27.7,,17.4,,6.4,,16.7,,28,,16.7,,33,,22.9,342.8,14.4,,16.7,,30.8,,21.3,,42.8,,12,,BYE,,15.8,,31.6,,13,,35.3,,21.7,,26.3,,24.9,,24,,18.9,,17.7,,28.4,,23.3,395.8,23.3,,24.5,,13.6,,21.1,,14.4,,9.4,,18.1,,BYE,,13.1,,13,,19.7,,28.8,,18.1,,19.5,,10.7,,6.5,,16.7,,18.8,,17.0,289.3,20.9,,22.2,,29.3,,24.4,,BYE,,19.1,,12.9,,24,,7.1,,29.4,,25.7,,14.4,,8,,2.8,,-,,-,,-,,-,,18.5,240.2
73,Kellen Mond,QB,IND,,,,,,,,,,,,,,,,,,,,,,,,,,,,,,,,,,,,,-,,-,,-,,-,,-,,0,,-,,-,,-,,-,,-,,-,,-,,BYE,,-,,-,,0.2,,-,,0.1,0.2,,,,,,,,,,,,,,,,,,,,,,,,,,,,,,,,,,,,,,,,,,,,,,,,,,,,,,,,,,,,,,,,,,,,,,,,,,,,
74,Kenny Pickett,QB,PHI,,,,,,,,,,,,,,,,,,,,,,,,,,,,,,,,,,,,,,,,,,,,,,,,,,,,,,,,,,,,,,,,,,,,,,,,,,,-,,-,,-,,15.3,,13.1,,8.3,,13.3,,8.3,,-,,19.1,,16,,12.2,,13.3,,1.6,,-,,13.7,,10.9,,13.9,,12.2,158.9,11.7,,11.3,,18.5,,4.5,,12.4,,-,,15.2,,3.9,,10.3,,6.6,,5.1,,11.6,,3.1,,-,,-,,-,,-,,-,,9.5,114.2
75,Kirk Cousins,QB,ATL,22.8,,1.5,,21.4,,14.9,,15.2,,26.7,,-,,10.4,,20.8,,18.6,,23,,26.2,,22.4,,17.1,,20.3,,23.6,,34.3,,20.0,319.2,22,,25.3,,25.1,,11.1,,14.4,,28.5,,-,,13.2,,21.6,,17.5,,25.2,,16.5,,20.2,,16,,11.5,,17.3,,-,,21.9,,19.2,307.3,19.1,,11.8,,18.3,,13.9,,23.2,,16.5,,-,,23.5,,17.4,,17.5,,2.2,,22.9,,11.8,,25,,34.4,,24.2,,10.9,,13,,18.0,305.6,17.5,,28.6,,26.7,,11.6,,19.9,,8.7,,22,,19.9,,-,,-,,BYE,,-,,-,,-,,-,,-,,-,,-,,19.3,154.7
76,Kurt Benkert,QB,FA,,,,,,,,,,,,,,,,,,,,,,,,,,,,,,,,,,,,,-,,-,,-,,-,,-,,-,,-,,-,,-,,-,,-,,-,,-,,-0.1,,-,,-,,-,,-,,-0.1,-0.1,,,,,,,,,,,,,,,,,,,,,,,,,,,,,,,,,,,,,,,,,,,,,,,,,,,,,,,,,,,,,,,,,,,,,,,,,,,,
77,Kyle Allen,QB,PIT,-,,-,,-,,BYE,,9.7,,17,,16.9,,-,,2.5,,-,,-,,-,,-,,-,,-,,-,,-,,11.5,46.0,-,,-,,-,,-,,-,,-,,BYE,,-,,-,,-,,-,,-,,-,,1.2,,-,,6.7,,-,,-,,4.0,7.9,-,,-,,-,,-,,-,,-,,-,,-,,BYE,,0,,-,,11.8,,8.1,,-,,-,,-,,-,,-,,6.6,19.9,-,,-0.2,,-0.2,,-0.3,,-,,0,,-,,-,,-,,-,,-0.2,,-,,-,,-,,-0.2,,-,,-0.2,,-,,-0.2,-1.3
78,Kyle Trask,QB,TB,,,,,,,,,,,,,,,,,,,,,,,,,,,,,,,,,,,,,,,,,,,,,,,,,,,,,,,,,,,,,,,,,,,,,,,,,,,-,,-,,-,,-,,-,,-,,-,,-,,-,,-,,BYE,,-,,-,,-,,-,,-,,-,,0.9,,0.9,0.9,-,,-,,-,,-,,BYE,,-,,-,,-,,-,,-0.1,,-,,0,,-,,-,,-,,-,,-,,-,,-0.1,-0.1
79,Kyler Murray,QB,ARI,27.3,,33.1,,24.7,,23.1,,27.3,,28.9,,38.1,,BYE,,37.9,,30.9,,20.3,,8.9,,17.4,,18.5,,34.1,,16.4,,3.8,,24.4,390.7,34.6,,35.1,,19.5,,22.6,,13.7,,25.8,,22.4,,11.1,,-,,-,,-,,BYE,,30.8,,19.4,,13.6,,21.9,,22.9,,17.1,,22.2,310.5,20.6,,26.9,,13.4,,23.9,,17.2,,15.9,,17.2,,26.6,,19,,-,,-,,26.2,,BYE,,0.7,,-,,-,,-,,-,,18.9,207.5,-,,-,,-,,-,,-,,-,,-,,-,,-,,18.3,,22.7,,20.4,,11.8,,BYE,,15.3,,20.4,,24.7,,17.8,,18.9,151.4
80,Lamar Jackson,QB,BAL,27.5,,17.6,,14.2,,26,,14.5,,28.2,,BYE,,16.8,,18.6,,22.5,,17.5,,-,,26.7,,34.9,,30.2,,21.3,,25.2,,22.8,341.8,18,,34.3,,20.3,,19.4,,41.9,,13.8,,23.1,,BYE,,32.6,,16.4,,-,,13.4,,18.6,,1.2,,-,,-,,-,,-,,21.1,253.0,21.2,,42.6,,40.4,,15.1,,15.8,,17.1,,10.7,,21.8,,17.5,,BYE,,16.5,,23.1,,1.3,,-,,-,,-,,-,,-,,20.3,243.1,7.6,,22.9,,28.2,,28.1,,10.9,,18.1,,33.9,,12,,11.5,,15,,24,,15,,BYE,,32.6,,19.5,,22.6,,36.3,,-,,21.1,338.2
81,Logan Woodside,QB,ATL,-,,-,,-,,-,,-,,-,,-,,-,,-,,0,,0.3,,-0.5,,-,,1.8,,-0.3,,0,,-,,0.2,1.3,-,,-,,-,,-,,-,,BYE,,-0.1,,-0.1,,-0.1,,-,,-,,-,,-,,-0.3,,-,,-,,-,,-,,-0.2,-0.6,-,,-,,-,,-,,-,,-,,-,,0,,-,,-,,-,,-,,-,,BYE,,-,,-,,-,,-,,0.0,0.0,-,,-,,-,,-,,-,,-,,-,,-,,-,,-,,BYE,,-,,-,,-,,-,,-,,-,,0.7,,0.7,0.7
82,Mac Jones,QB,JAC,,,,,,,,,,,,,,,,,,,,,,,,,,,,,,,,,,,,,15.2,,7.4,,14.6,,17.9,,12.5,,15.8,,22.2,,11.7,,7,,19.9,,11.4,,21.5,,0.5,,-,,19.2,,7.1,,22.3,,11.8,,14.0,237.9,9.5,,13.7,,18.9,,-,,-,,-,,1.9,,12.7,,9.7,,-,,10.1,,23.3,,12.5,,8.3,,7.5,,17.5,,16.3,,19.2,,12.9,181.1,25.1,,14.7,,13.3,,2.7,,0.4,,6.9,,20,,13.2,,12.1,,8.3,,-,,1.6,,-,,-,,-,,-,,-,,-,,10.8,118.4
83,Malik Cunningham,QB,BAL,,,,,,,,,,,,,,,,,,,,,,,,,,,,,,,,,,,,,,,,,,,,,,,,,,,,,,,,,,,,,,,,,,,,,,,,,,,,,,,,,,,,,,,,,,,,,,,,,,,,,,,,,,,,,,,,,-,,-,,-,,-,,-,,0,,-,,-,,-,,-,,-,,-,,BYE,,-,,-,,-,,-,,0,,0.0,0.0
84,Malik Willis,QB,TEN,,,,,,,,,,,,,,,,,,,,,,,,,,,,,,,,,,,,,,,,,,,,,,,,,,,,,,,,,,,,,,,,,,,,,,,,,,,-,,-0.2,,-,,-,,-,,BYE,,-,,2.4,,7.2,,-2.4,,-,,-,,1.4,,-,,1.6,,12.3,,-,,-,,3.2,22.3,-,,-,,-,,-,,-,,4.7,,BYE,,-1.6,,-,,-,,-,,-,,-,,-,,-,,-,,-,,-,,1.5,3.1
85,Marcus Mariota,QB,WAS,-,,-,,-,,-,,-,,-,,-,,BYE,,-,,-,,-,,-,,-,,-,,26.8,,-,,-,,26.8,26.8,3.1,,-,,-,,-,,-,,-,,0.4,,-,,0.6,,-,,-,,6.4,,-,,-,,0.3,,-,,1.6,,2.5,,2.1,14.9,19.8,,15.4,,16.6,,4.9,,18,,24.2,,12.1,,24.4,,7.6,,18.7,,17.7,,14.9,,11.4,,BYE,,-,,-,,-,,-,,15.8,205.6,-,,-,,-,,-,,-,,-,,-,,-,,-,,-,,-,,-,,1.2,,0,,-,,-,,-,,11.5,,4.3,12.8
86,Mason Rudolph,QB,TEN,-,,-,,-,,BYE,,-,,-0.1,,-,,-,,0.1,,0,,-0.4,,-,,-,,-,,-,,-,,19.7,,3.9,19.4,-,,-,,-,,-,,-,,-,,-,,-,,-,,16.3,,-,,-,,BYE,,-,,-,,3.1,,-,,-,,9.7,19.4,,,,,,,,,,,,,,,,,,,,,,,,,,,,,,,,,,,,,,,-,,-,,-,,-,,-,,-,,BYE,,-,,-,,-,,-,,-,,-,,-,,0.1,,20,,11.5,,8,,9.9,39.6
87,Matt Barkley,QB,JAC,-,,-,,-,,-,,0.9,,-,,-,,BYE,,-,,-,,-,,0,,-,,-,,0,,0.1,,9.3,,2.1,10.3,,,,,,,,,,,,,,,,,,,,,,,,,,,,,,,,,,,,,,,-,,-,,-,,-,,-,,-,,-,,-,,-,,-,,BYE,,0,,-,,-,,-,,-,,-,,-,,0.0,0.0,-,,-,,-,,-,,-,,-,,-,,-,,BYE,,-,,-,,-,,-,,-,,-,,-,,-0.3,,-,,-0.3,-0.3
88,Matt Corral,QB,FA,,,,,,,,,,,,,,,,,,,,,,,,,,,,,,,,,,,,,,,,,,,,,,,,,,,,,,,,,,,,,,,,,,,,,,,,,,,0,,-,,-,,-,,-,,-,,-,,-,,-,,-,,-,,-,,-,,0,,-,,-,,-,,-,,0.0,0.0,,,,,,,,,,,,,,,,,,,,,,,,,,,,,,,,,,,,,,
89,Matt Ryan,QB,FA,24.9,,28.5,,12.4,,12.4,,7.9,,31.6,,17.5,,18.9,,23.4,,-,,7.3,,14.9,,12.9,,10.3,,27.8,,19.9,,22.7,,18.3,293.4,7.4,,19.3,,15.6,,29,,21.6,,-,,18.4,,8.1,,28.5,,2.7,,4.1,,11.2,,12.1,,11.9,,13.4,,13.1,,6.6,,11.8,,13.8,234.9,16.3,,4.8,,15.3,,18.8,,8.1,,27.2,,11.9,,-,,-,,22.7,,8.6,,11.2,,12.1,,-,,11.3,,-,,-,,-,,14.0,168.3,,,,,,,,,,,,,,,,,,,,,,,,,,,,,,,,,,,,,,
90,Matt Schaub,QB,FA,-,,-,,-,,-,,-,,-,,-,,-,,-,,-,,-,,-0.4,,-,,-,,-,,-,,-,,-0.4,-0.4,,,,,,,,,,,,,,,,,,,,,,,,,,,,,,,,,,,,,,,,,,,,,,,,,,,,,,,,,,,,,,,,,,,,,,,,,,,,,,,,,,,,,,,,,,,,,,,,,,,,,,,,,,,,,,,,,,
91,Matthew Stafford,QB,LAR,17.2,,17.2,,18.5,,23.3,,-,,13.3,,18.4,,23.4,,10.4,,23,,7.6,,17.1,,27.1,,14.4,,15.3,,0.7,,23.6,,16.9,270.6,24.3,,18.2,,29.5,,20.3,,17.5,,26.2,,27.2,,24.2,,15.1,,11.8,,BYE,,23,,24,,23.5,,16.5,,9.7,,16.3,,19.5,,20.4,346.7,10.8,,20.9,,10.2,,7.8,,11.3,,12.8,,BYE,,17.4,,10.5,,-,,14.8,,-,,-,,-,,-,,-,,-,,-,,12.9,116.4,14.5,,16,,13.5,,17.2,,16.9,,13.2,,15,,12.4,,-,,BYE,,10.7,,24.4,,23,,23.7,,18.5,,20.7,,14.6,,-,,16.9,254.1
92,Max Duggan,QB,LAC,,,,,,,,,,,,,,,,,,,,,,,,,,,,,,,,,,,,,,,,,,,,,,,,,,,,,,,,,,,,,,,,,,,,,,,,,,,,,,,,,,,,,,,,,,,,,,,,,,,,,,,,,,,,,,,,,-,,-,,-,,-,,BYE,,-,,-,,-,,0,,-,,-,,-,,-,,-,,-,,-,,-,,-,,0.0,0.0
93,Mike Glennon,QB,FA,-,,-,,-,,-,,-,,-,,-,,-,,-,,-,,-,,18,,14.1,,2.4,,-,,14.4,,16.6,,13.1,65.6,-,,-,,-,,-,,10,,-,,-,,-,,-,,-,,-,,-,,6.5,,19.3,,1,,7.8,,-3.7,,-,,6.8,40.9,,,,,,,,,,,,,,,,,,,,,,,,,,,,,,,,,,,,,,,,,,,,,,,,,,,,,,,,,,,,,,,,,,,,,,,,,,,,
94,Mike White,QB,MIA,-,,-,,-,,-,,-,,-,,BYE,,-,,-,,-,,0,,-,,-,,-,,-,,-,,-,,0.0,0.0,-,,-,,-,,-,,-,,-,,10.1,,28.1,,7.8,,6,,-,,-,,-,,BYE,,-,,-,,-,,-,,13.0,52.0,-,,-,,-,,-,,-,,-,,-,,-,,-,,-,,BYE,,24.8,,19.5,,10.7,,-,,-,,5.6,,-,,15.1,60.6,-,,-,,6.6,,-,,-,,-1.4,,-,,-,,-,,BYE,,-,,-0.2,,0.1,,-,,0,,-,,-2,,-,,0.5,3.1
95,Mitch Trubisky,QB,BUF,24.3,,15.2,,12.6,,-,,-,,-,,-,,0.3,,-,,-,,BYE,,20.7,,13.3,,25,,14.5,,24.6,,11.3,,16.2,161.7,-,,-0.2,,1.9,,7.3,,-,,-,,BYE,,-,,-,,-,,-0.2,,-,,-,,-,,-,,-,,-,,0.3,,1.8,9.1,12.7,,12.4,,15,,2.5,,-,,10.3,,BYE,,-,,-,,-,,-,,-,,-,,12,,14.1,,-,,-,,-,,11.3,78.9,-,,-,,-,,0.7,,-,,-,,-,,9.3,,-,,-,,-,,-,,7.2,,21.6,,14.9,,-,,-,,-,,10.7,53.7
96,Nate Sudfeld,QB,DET,-,,-,,-,,-,,BYE,,-,,-,,-,,-,,-,,-,,-,,-,,-,,-,,-,,-0.5,,-0.5,-0.5,,,,,,,,,,,,,,,,,,,,,,,,,,,,,,,,,,,,,,,-,,-,,-,,-,,-,,BYE,,-,,-,,-,,-,,-,,-,,-0.1,,-,,-,,-,,-0.3,,-,,-0.2,-0.4,,,,,,,,,,,,,,,,,,,,,,,,,,,,,,,,,,,,,,
97,Nathan Peterman,QB,NO,-,,-,,-,,-,,-,,BYE,,-,,-,,-,,-,,-,,1.9,,-,,-,,-,,-,,-,,1.9,1.9,-,,-,,-,,-,,0.2,,BYE,,-,,-,,-,,-,,-,,-,,-,,-,,-,,-,,-,,-,,0.2,0.2,-,,-,,-,,-,,-,,-,,-,,-,,-,,-,,-,,-,,-,,BYE,,0,,0,,-,,9.3,,3.1,9.3,-,,-,,-,,-,,-,,-,,-0.4,,-,,-,,-,,BYE,,-,,-,,-,,-,,-,,-,,0,,-0.2,-0.4
98,Nick Foles,QB,FA,-,,-,,18.2,,12.9,,12.6,,17.3,,8.4,,17.9,,21.6,,3.4,,-,,-,,-,,-,,-,,-0.2,,-,,12.5,112.2,-,,-,,-,,-,,-,,-,,-,,-,,-,,-,,-,,-,,-,,-,,-,,16.8,,-,,-,,16.8,16.8,-,,-,,-,,-,,-,,-,,-,,-,,-,,-,,-,,-,,-,,-,,-,,2.7,,3,,-,,2.9,5.8,,,,,,,,,,,,,,,,,,,,,,,,,,,,,,,,,,,,,,
99,Nick Mullens,QB,MIN,-,,1.6,,17.7,,8,,-,,-,,BYE,,17.5,,12.6,,12.2,,-,,9.1,,22.6,,13.4,,13.5,,-,,-,,12.8,128.3,-,,-,,-,,-,,-,,-,,BYE,,-,,-,,-,,-,,-,,-,,-,,9.9,,-,,-,,-,,9.9,9.9,-,,-,,-,,-,,-,,-,,BYE,,-,,-0.1,,-,,2.2,,-,,-,,-,,-,,-,,6.3,,4.4,,3.2,12.8,-,,-,,-,,-,,-,,-,,-,,-,,-,,-,,-,,-,,BYE,,3.3,,19.1,,20.5,,9.1,,22.6,,14.9,74.7
100,P.J. Walker,QB,CLE,-,,-,,-,,-,,-,,-,,-,,0.1,,BYE,,0.5,,12.1,,-,,-,,-,,-,,-,,0.8,,3.4,13.5,-,,-,,-,,-,,-,,-,,2.6,,-0.1,,-,,6.3,,-,,2.5,,BYE,,5.5,,-,,-,,-,,-,,3.4,16.8,-,,-,,-,,-,,2.4,,2.3,,15.1,,17.7,,-1,,5.7,,-,,-,,-,,-,,-,,-,,-,,-,,7.0,42.1,-,,-,,-,,-,,BYE,,5.8,,6.4,,12.6,,0,,0,,-,,0.1,,-,,-,,-,,-,,-,,-,,4.2,25.0
101,Patrick Mahomes II,QB,KC,20.4,,27.5,,40,,20.2,,30.7,,20.6,,12,,36.6,,31.5,,BYE,,22.5,,31.3,,19.3,,21.6,,25.9,,20.2,,-,,25.4,380.4,33.3,,25,,24.9,,32.3,,21,,25,,8.7,,15,,10.4,,36.2,,8.5,,BYE,,13.6,,20.3,,30.6,,22.3,,20.9,,26.2,,22.0,374.2,34.9,,17.3,,18.1,,24.4,,30.5,,21.6,,27.9,,BYE,,35.1,,32.1,,27.5,,19.4,,19.8,,22.8,,32.7,,23.8,,25.5,,15,,25.2,428.4,20.5,,22.2,,25.7,,15.2,,19.2,,18.3,,34.9,,7.6,,15.8,,BYE,,17.9,,20.8,,14,,14.6,,17.7,,17.7,,12,,-,,18.4,294.2
102,Philip Rivers,QB,FA,16.8,,11.9,,12.7,,11.2,,7.6,,25.7,,-,,22.3,,8.1,,16.3,,22.4,,18.8,,19.2,,17.8,,17,,11.8,,11.4,,15.7,251.0,,,,,,,,,,,,,,,,,,,,,,,,,,,,,,,,,,,,,,,,,,,,,,,,,,,,,,,,,,,,,,,,,,,,,,,,,,,,,,,,,,,,,,,,,,,,,,,,,,,,,,,,,,,,,,,,,,
103,Robert Griffin III,QB,FA,0.3,,-,,-,,-0.7,,-0.1,,-,,-,,-,,-,,-,,-,,5.1,,-,,-,,-,,-,,-,,1.1,4.6,,,,,,,,,,,,,,,,,,,,,,,,,,,,,,,,,,,,,,,,,,,,,,,,,,,,,,,,,,,,,,,,,,,,,,,,,,,,,,,,,,,,,,,,,,,,,,,,,,,,,,,,,,,,,,,,,,
104,Russell Wilson,QB,PIT,31.8,,34.4,,36.8,,21.9,,25.5,,-,,32.9,,28.7,,24.1,,11.9,,20.1,,14.4,,16,,23.1,,13,,19.9,,18.1,,23.3,372.8,27.1,,23.3,,16.6,,22.6,,10.1,,-,,BYE,,-,,-,,7.6,,8.5,,19.5,,17.7,,21.2,,5.2,,16.5,,27.8,,25,,17.8,248.8,17.8,,12.1,,9.1,,26.5,,11.2,,13.8,,-,,14.8,,BYE,,15.2,,10.7,,8.5,,9.7,,26.6,,-,,11.3,,24.6,,24.1,,15.7,235.8,15.2,,26.9,,15.2,,22.2,,18.7,,8.9,,13.9,,17.6,,-,,18.7,,14.5,,16.8,,18.8,,16.5,,17.5,,23.5,,-,,-,,17.7,264.9
105,Ryan Finley,QB,FA,-,,-,,0,,-,,-,,-,,-,,-,,-,,-,,2.1,,-,,0.6,,0.2,,18.3,,-,,-,,4.2,21.2,,,,,,,,,,,,,,,,,,,,,,,,,,,,,,,,,,,,,,,,,,,,,,,,,,,,,,,,,,,,,,,,,,,,,,,,,,,,,,,,,,,,,,,,,,,,,,,,,,,,,,,,,,,,,,,,,,
106,Ryan Fitzpatrick,QB,FA,8.4,,24.3,,24.2,,23.3,,27.6,,18,,-,,-,,-,,-,,4.3,,19.3,,-,,0,,-,,11.3,,-,,16.1,160.7,0.7,,-,,-,,-,,-,,-,,-,,-,,-,,-,,-,,-,,-,,-,,-,,-,,-,,-,,0.7,0.7,,,,,,,,,,,,,,,,,,,,,,,,,,,,,,,,,,,,,,,,,,,,,,,,,,,,,,,,,,,,,,,,,,,,,,,,,,,,
107,Ryan Tannehill,QB,TEN,19.4,,26.8,,12.7,,BYE,,30,,29.6,,17.3,,18.3,,14.6,,10.8,,22.9,,19.1,,28.6,,16.5,,37,,18.3,,28.4,,21.9,350.4,15.2,,14.6,,23.5,,18.8,,14,,13.9,,20.4,,23.2,,15,,18.6,,13.2,,9.1,,BYE,,16.5,,10.9,,14.6,,13.5,,27.3,,16.6,282.4,19.3,,2.9,,19.8,,14.4,,11.5,,BYE,,3.9,,-,,-,,19.4,,20,,12.5,,13,,18.8,,11.7,,-,,-,,-,,13.9,167.2,5.4,,21,,4.2,,13.7,,10.8,,2,,BYE,,-,,-,,-,,-,,-,,-,,-,,-,,9.8,,6.7,,13.4,,9.7,87.0
108,Sam Darnold,QB,MIN,12.2,,11.9,,9.7,,23.6,,-,,-,,2.8,,7.4,,-,,-,,-,,6.8,,21,,5.6,,14.1,,17,,12.9,,12.1,145.0,19.1,,19.9,,25.3,,33.5,,9.1,,16.1,,3.5,,11.8,,4.8,,-,,-,,-,,-,,-,,-,,8.7,,3,,15.7,,14.2,170.3,-,,-,,-,,-,,-,,-,,BYE,,-,,-,,-,,-,,16.9,,-,,11.8,,13.2,,21.9,,22.6,,2.9,,14.9,89.3,-0.2,,-,,-0.1,,-0.1,,-0.1,,-,,-,,-,,-,,-0.1,,-,,-,,-0.1,,-,,0.6,,7.1,,-0.2,,17.5,,2.4,24.4
109,Sam Ehlinger,QB,IND,,,,,,,,,,,,,,,,,,,,,,,,,,,,,,,,,,,,,-,,-,,-,,-,,-,,-,,-,,-,,0.1,,-,,0.9,,-,,-0.1,,BYE,,-,,-,,-,,-,,0.3,0.9,-,,-,,-,,-,,-,,-,,-,,7.5,,7,,-,,-,,-,,-,,BYE,,-,,-,,7.6,,16.5,,9.7,38.6,-,,-,,-,,-,,-,,-,,-,,-,,-,,-,,BYE,,-,,-,,0,,-,,-,,-,,-,,0.0,0.0
110,Sam Howell,QB,SEA,,,,,,,,,,,,,,,,,,,,,,,,,,,,,,,,,,,,,,,,,,,,,,,,,,,,,,,,,,,,,,,,,,,,,,,,,,,-,,-,,-,,-,,-,,-,,-,,-,,-,,-,,BYE,,-,,-,,-,,-,,-,,-,,19.3,,19.3,19.3,16.2,,21.3,,4.6,,19.6,,26.4,,18.3,,10.5,,32,,18.7,,24.2,,20.7,,18.3,,20.2,,-,,9.3,,0.2,,8.7,,8.4,,16.3,277.5
111,Sean Clifford,QB,GB,,,,,,,,,,,,,,,,,,,,,,,,,,,,,,,,,,,,,,,,,,,,,,,,,,,,,,,,,,,,,,,,,,,,,,,,,,,,,,,,,,,,,,,,,,,,,,,,,,,,,,,,,,,,,,,,,0,,-,,-,,-,,-,,BYE,,-,,-,,-,,-,,-,,-,,-,,-,,-,,-,,1.3,,-,,0.6,1.3
112,Sean Mannion,QB,FA,,,,,,,,,,,,,,,,,,,,,,,,,,,,,,,,,,,,,-,,-,,-,,-,,-,,-,,-,,-,,-,,-,,-,,-,,-,,-,,-,,-,,13,,-,,13.0,13.0,,,,,,,,,,,,,,,,,,,,,,,,,,,,,,,,,,,,,,,,,,,,,,,,,,,,,,,,,,,,,,,,,,,,,,,,,,,,
113,Skylar Thompson,QB,MIA,,,,,,,,,,,,,,,,,,,,,,,,,,,,,,,,,,,,,,,,,,,,,,,,,,,,,,,,,,,,,,,,,,,,,,,,,,,-,,-,,-,,-,,3.6,,4.5,,-,,-,,-,,0.7,,BYE,,-1.3,,-1,,-,,-,,-,,7.6,,6.4,,2.9,20.5,-,,-,,-,,-,,-,,-,,-,,-,,-,,BYE,,-,,-,,-,,-,,-,,-,,-,,0,,0.0,0.0
114,Taylor Heinicke,QB,ATL,-,,-,,-,,-,,-,,-,,-,,-,,-,,BYE,,-,,-,,-,,-,,-,,11.7,,-,,11.7,11.7,10.6,,21,,22.4,,27.9,,11.9,,10.3,,21.2,,13.8,,-,,15.7,,23.1,,12.2,,15.8,,8.7,,-,,6.7,,10.3,,5.1,,14.8,236.9,-,,-,,-,,-,,-,,-,,15.4,,23.1,,14.7,,6.4,,7.8,,12.4,,17.6,,BYE,,13.3,,11.2,,-,,-,,13.6,122.0,-,,-,,-,,-,,-,,-,,-,,12.4,,15.7,,9.6,,BYE,,-,,-,,-,,-,,14.2,,18.1,,-,,14.0,70.0
115,Teddy Bridgewater,QB,FA,19.4,,10.7,,14.6,,27.2,,20.8,,11.4,,19.2,,13,,28.3,,20,,-,,14.9,,-,,20.4,,16.9,,9.6,,5.7,,16.8,252.2,20.5,,21.2,,11.8,,6.8,,19.6,,21.3,,14.8,,12.6,,21.9,,9,,-,,16.2,,14,,15.2,,4.9,,-,,-,,-,,15.0,209.7,-,,-,,0,,11.8,,0,,20.2,,-,,-,,-,,-,,-,,-,,-,,-,,-,,-,,10,,-,,8.4,42.0,-,,-,,-,,-,,-0.2,,-,,-,,-,,-,,-,,-,,-,,-,,-,,-,,-,,-,,-,,-0.2,-0.2
116,Tim Boyle,QB,HOU,-0.2,,-0.1,,-,,-0.1,,-,,0,,-0.1,,BYE,,-0.1,,-,,-,,0,,-,,-,,-,,-0.3,,-,,-0.1,-0.9,-,,-,,-,,-,,-,,-,,-,,-,,-,,BYE,,1.1,,-,,-,,-,,-,,10.5,,18.9,,-0.1,,7.6,30.3,-,,-,,-,,-,,-,,BYE,,-,,-,,-,,-,,-,,-,,-,,-,,-,,-,,-,,-0.9,,-0.9,-0.9,-,,-,,-,,-,,-,,-,,BYE,,-,,-,,-,,0.4,,9.4,,5.1,,-,,-,,-,,-,,-,,5.0,14.9
117,Tom Brady,QB,FA,22.5,,9.7,,23.9,,33.5,,14.1,,14.6,,36.9,,19.1,,5.4,,31.8,,14.6,,23.7,,-,,15.6,,23.4,,29.9,,31.3,,21.9,349.9,29.2,,29.6,,28.7,,11.1,,37.7,,19,,24.4,,27.2,,-,,15,,20.3,,12.2,,29.6,,30.1,,5.8,,14.4,,27.4,,25,,22.7,386.7,11.4,,9.4,,14.7,,25.4,,19.7,,13.7,,11.7,,17.1,,15.2,,17,,-,,18,,18.1,,12.1,,18.6,,13.3,,37.7,,7.4,,16.5,280.7,,,,,,,,,,,,,,,,,,,,,,,,,,,,,,,,,,,,,,
118,Tommy DeVito,QB,NYG,,,,,,,,,,,,,,,,,,,,,,,,,,,,,,,,,,,,,,,,,,,,,,,,,,,,,,,,,,,,,,,,,,,,,,,,,,,,,,,,,,,,,,,,,,,,,,,,,,,,,,,,,,,,,,,,,-,,-,,-,,-,,-,,-,,0,,7.2,,10.7,,14.5,,22.5,,10.2,,BYE,,17.4,,10.7,,2.7,,-,,0.6,,9.7,96.5
119,Tommy Stevens,QB,FA,-,,-,,-,,-,,-,,-,,-,,-,,-,,-,,-,,-,,-,,-,,-,,-,,2.4,,2.4,2.4,,,,,,,,,,,,,,,,,,,,,,,,,,,,,,,,,,,,,,,,,,,,,,,,,,,,,,,,,,,,,,,,,,,,,,,,,,,,,,,,,,,,,,,,,,,,,,,,,,,,,,,,,,,,,,,,,,
120,Trace McSorley,QB,FA,-,,-,,-,,-,,-,,-,,-,,-,,-,,-,,-,,8.7,,-,,0.6,,-,,-,,-,,4.7,9.3,-,,-,,-,,-,,-,,-,,-,,-,,-,,-,,-,,-,,-,,-,,-,,-,,0,,-,,0.0,0.0,2.5,,-,,-,,-,,-,,-,,-,,-,,-,,-,,2,,-,,-,,-,,2.6,,5.1,,-,,1.5,,2.7,13.6,,,,,,,,,,,,,,,,,,,,,,,,,,,,,,,,,,,,,,
121,Trevor Lawrence,QB,JAC,,,,,,,,,,,,,,,,,,,,,,,,,,,,,,,,,,,,,22.1,,8.8,,9.5,,17.8,,22.7,,15.9,,BYE,,13.6,,5.1,,9.8,,8.6,,18,,6.8,,5,,10.5,,12.9,,10.3,,18.6,,12.7,216.0,14.4,,18.5,,25.2,,6.7,,12.3,,24.9,,18.7,,8.8,,16.7,,21,,BYE,,24.9,,16.4,,33.4,,27.8,,18.3,,5.5,,10.2,,17.9,303.6,18.7,,9.2,,15.4,,16.5,,15.7,,15.7,,18.1,,15.7,,BYE,,4.1,,32.2,,25.6,,25.1,,20.4,,14.7,,11.3,,-,,18.2,,17.3,276.5
122,Trevor Siemian,QB,NYJ,,,,,,,,,,,,,,,,,,,,,,,,,,,,,,,,,,,,,-,,-,,-,,-,,-,,BYE,,-,,10.6,,16,,19.9,,26.2,,9.8,,-,,-,,-,,-,,-,,10.7,,15.5,93.2,-,,-,,-,,-,,-,,-,,-,,0.2,,-,,BYE,,-,,11,,-,,-,,-,,-,,-,,-,,5.6,11.2,-,,-,,-,,-,,-,,-,,BYE,,-,,-,,-,,-,,-,,1.4,,-,,0.4,,11.5,,14.7,,2.9,,6.2,31.0
123,Trey Lance,QB,DAL,,,,,,,,,,,,,,,,,,,,,,,,,,,,,,,,,,,,,4.4,,-,,6.1,,20.4,,15.6,,-,,BYE,,-,,-,,-,,0.4,,-,,-,,-,,-,,-,,20.1,,-,,11.2,66.9,11,,2.5,,-,,-,,-,,-,,-,,-,,BYE,,0,,-,,-,,-,,-,,-,,-,,-,,-,,4.5,13.5,,,,,,,,,,,,,,,,,,,,,,,,,,,,,,,,,,,,,,
124,Tua Tagovailoa,QB,MIA,-,,-,,-,,-,,-,,0.4,,BYE,,5.7,,21.4,,14.7,,7.3,,-,,16.1,,28,,19.7,,8.9,,18.2,,14.0,140.5,17.2,,0.5,,-,,-,,-,,22.4,,28.5,,16.2,,-,,12.3,,18.5,,13.2,,17.9,,BYE,,15.7,,11,,5.3,,12.2,,14.7,190.9,14.8,,40.9,,11.4,,3.4,,-,,-,,15.9,,29.2,,24.1,,23.4,,BYE,,16,,15.8,,12.6,,18.1,,13.4,,-,,-,,18.4,238.9,28.1,,13.3,,28.4,,15,,18.9,,22.5,,11.3,,22.8,,12.4,,BYE,,18.6,,9.8,,19.2,,9.1,,13,,15.5,,16.9,,9.6,,16.7,284.4
125,Tyler Bray,QB,FA,-,,-,,-,,-,,-,,-,,-,,-,,-,,0.7,,-,,-,,-,,-,,-,,-,,-,,0.7,0.7,,,,,,,,,,,,,,,,,,,,,,,,,,,,,,,,,,,,,,,,,,,,,,,,,,,,,,,,,,,,,,,,,,,,,,,,,,,,,,,,,,,,,,,,,,,,,,,,,,,,,,,,,,,,,,,,,,
126,Tyler Huntley,QB,CLE,-,,-,,-,,-,,-,,-,,-,,-,,BYE,,-,,-,,-,,-,,-,,2.1,,-,,0.8,,1.5,2.9,-,,-,,-,,-,,-,,1,,1.6,,-,,-,,-,,11.8,,-,,BYE,,15.3,,35.9,,-,,12.3,,8.8,,12.4,86.6,-,,-,,-,,-,,-,,-,,-,,-,,BYE,,-,,-,,-,,16.6,,6.6,,6,,13.2,,10.6,,-,,10.6,53.0,-,,-,,-,,0.8,,BYE,,-,,0,,-,,6.3,,-,,-,,-,,-,,-,,-,,-,,4.7,,13.8,,5.1,25.6
127,Tyrod Taylor,QB,NYJ,9,,-,,-,,-,,-,,-,,-,,-,,0,,BYE,,-,,-,,-,,-,,-,,-,,-,,4.5,9.0,23.6,,16.5,,-,,-,,-,,BYE,,-,,-,,8.9,,-,,19.1,,16.3,,2.3,,-,,-,,-,,-,,-,,14.5,86.7,-,,0,,-,,2.4,,-,,-,,-,,-,,-,,BYE,,-,,-,,-,,9.9,,-,,-,,-,,-,,4.1,12.3,0.2,,-,,0.2,,-,,4.8,,10.4,,21.7,,3.6,,-,,-,,-,,-,,-,,-,,0.5,,10.4,,19.8,,18.7,,9.0,90.3
128,Tyson Bagent,QB,CHI,,,,,,,,,,,,,,,,,,,,,,,,,,,,,,,,,,,,,,,,,,,,,,,,,,,,,,,,,,,,,,,,,,,,,,,,,,,,,,,,,,,,,,,,,,,,,,,,,,,,,,,,,,,,,,,,,-,,-,,-,,-,,-,,6.7,,12.9,,13.2,,18.8,,7.7,,-,,-,,BYE,,-,,-,,-,,-,,-,,11.9,59.3
129,Will Levis,QB,TEN,,,,,,,,,,,,,,,,,,,,,,,,,,,,,,,,,,,,,,,,,,,,,,,,,,,,,,,,,,,,,,,,,,,,,,,,,,,,,,,,,,,,,,,,,,,,,,,,,,,,,,,,,,,,,,,,,-,,-,,-,,-,,-,,-,,BYE,,26.6,,9.7,,7,,12.5,,7.1,,11.5,,17.6,,15.5,,-,,-1.4,,-,,11.8,106.0
130,Zach Wilson,QB,NYJ,,,,,,,,,,,,,,,,,,,,,,,,,,,,,,,,,,,,,19.3,,6.3,,4.6,,18.7,,9,,BYE,,2,,-,,-,,-,,-,,11.1,,22,,11.4,,12,,23.2,,13.4,,9.9,,12.5,162.9,-,,-,,-,,19.8,,14.6,,4.5,,7.2,,19.4,,10.6,,BYE,,5.7,,-,,-,,-,,20.4,,2.8,,-,,-,,11.7,104.9,9.2,,11.4,,6.4,,19.2,,9.6,,10.9,,BYE,,12.1,,7.2,,14.9,,7.7,,-,,-,,19.2,,-1,,-,,-,,-,,10.6,126.9
131,,,,,,,,,,,,,,,,,,,,,,,,,,,,,,,,,,,,,,,,,,,,,,,,,,,,,,,,,,,,,,,,,,,,,,,,,,,,,,,,,,,,,,,,,,,,,,,,,,,,,,,,,,,,,,,,,,,,,,,,,,,,,,,,,,,,,,,,,,,,,,,,,,,,,,,,,
132,,,,,,,,,,,,,,,,,,,,,,,,,,,,,,,,,,,,,,,,,,,,,,,,,,,,,,,,,,,,,,,,,,,,,,,,,,,,,,,,,,,,,,,,,,,,,,,,,,,,,,,,,,,,,,,,,,,,,,,,,,,,,,,,,,,,,,,,,,,,,,,,,,,,,,,,,
133,,,,,,,,,,,,,,,,,,,,,,,,,,,,,,,,,,,,,,,,,,,,,,,,,,,,,,,,,,,,,,,,,,,,,,,,,,,,,,,,,,,,,,,,,,,,,,,,,,,,,,,,,,,,,,,,,,,,,,,,,,,,,,,,,,,,,,,,,,,,,,,,,,,,,,,,,
134,,,,,,,,,,,,,,,,,,,,,,,,,,,,,,,,,,,,,,,,,,,,,,,,,,,,,,,,,,,,,,,,,,,,,,,,,,,,,,,,,,,,,,,,,,,,,,,,,,,,,,,,,,,,,,,,,,,,,,,,,,,,,,,,,,,,,,,,,,,,,,,,,,,,,,,,,
135,,,,,,,,,,,,,,,,,,,,,,,,,,,,,,,,,,,,,,,,,,,,,,,,,,,,,,,,,,,,,,,,,,,,,,,,,,,,,,,,,,,,,,,,,,,,,,,,,,,,,,,,,,,,,,,,,,,,,,,,,,,,,,,,,,,,,,,,,,,,,,,,,,,,,,,,,
136,,,,,,,,,,,,,,,,,,,,,,,,,,,,,,,,,,,,,,,,,,,,,,,,,,,,,,,,,,,,,,,,,,,,,,,,,,,,,,,,,,,,,,,,,,,,,,,,,,,,,,,,,,,,,,,,,,,,,,,,,,,,,,,,,,,,,,,,,,,,,,,,,,,,,,,,,
137,,,,,,,,,,,,,,,,,,,,,,,,,,,,,,,,,,,,,,,,,,,,,,,,,,,,,,,,,,,,,,,,,,,,,,,,,,,,,,,,,,,,,,,,,,,,,,,,,,,,,,,,,,,,,,,,,,,,,,,,,,,,,,,,,,,,,,,,,,,,,,,,,,,,,,,,,
138,,,,,,,,,,,,,,,,,,,,,,,,,,,,,,,,,,,,,,,,,,,,,,,,,,,,,,,,,,,,,,,,,,,,,,,,,,,,,,,,,,,,,,,,,,,,,,,,,,,,,,,,,,,,,,,,,,,,,,,,,,,,,,,,,,,,,,,,,,,,,,,,,,,,,,,,,
139,,,,,,,,,,,,,,,,,,,,,,,,,,,,,,,,,,,,,,,,,,,,,,,,,,,,,,,,,,,,,,,,,,,,,,,,,,,,,,,,,,,,,,,,,,,,,,,,,,,,,,,,,,,,,,,,,,,,,,,,,,,,,,,,,,,,,,,,,,,,,,,,,,,,,,,,,
140,,,,,,,,,,,,,,,,,,,,,,,,,,,,,,,,,,,,,,,,,,,,,,,,,,,,,,,,,,,,,,,,,,,,,,,,,,,,,,,,,,,,,,,,,,,,,,,,,,,,,,,,,,,,,,,,,,,,,,,,,,,,,,,,,,,,,,,,,,,,,,,,,,,,,,,,,
141,,,,,,,,,,,,,,,,,,,,,,,,,,,,,,,,,,,,,,,,,,,,,,,,,,,,,,,,,,,,,,,,,,,,,,,,,,,,,,,,,,,,,,,,,,,,,,,,,,,,,,,,,,,,,,,,,,,,,,,,,,,,,,,,,,,,,,,,,,,,,,,,,,,,,,,,,
142,,,,,,,,,,,,,,,,,,,,,,,,,,,,,,,,,,,,,,,,,,,,,,,,,,,,,,,,,,,,,,,,,,,,,,,,,,,,,,,,,,,,,,,,,,,,,,,,,,,,,,,,,,,,,,,,,,,,,,,,,,,,,,,,,,,,,,,,,,,,,,,,,,,,,,,,,
143,,,,,,,,,,,,,,,,,,,,,,,,,,,,,,,,,,,,,,,,,,,,,,,,,,,,,,,,,,,,,,,,,,,,,,,,,,,,,,,,,,,,,,,,,,,,,,,,,,,,,,,,,,,,,,,,,,,,,,,,,,,,,,,,,,,,,,,,,,,,,,,,,,,,,,,,,
144,,,,,,,,,,,,,,,,,,,,,,,,,,,,,,,,,,,,,,,,,,,,,,,,,,,,,,,,,,,,,,,,,,,,,,,,,,,,,,,,,,,,,,,,,,,,,,,,,,,,,,,,,,,,,,,,,,,,,,,,,,,,,,,,,,,,,,,,,,,,,,,,,,,,,,,,,
145,,,,,,,,,,,,,,,,,,,,,,,,,,,,,,,,,,,,,,,,,,,,,,,,,,,,,,,,,,,,,,,,,,,,,,,,,,,,,,,,,,,,,,,,,,,,,,,,,,,,,,,,,,,,,,,,,,,,,,,,,,,,,,,,,,,,,,,,,,,,,,,,,,,,,,,,,
146,,,,,,,,,,,,,,,,,,,,,,,,,,,,,,,,,,,,,,,,,,,,,,,,,,,,,,,,,,,,,,,,,,,,,,,,,,,,,,,,,,,,,,,,,,,,,,,,,,,,,,,,,,,,,,,,,,,,,,,,,,,,,,,,,,,,,,,,,,,,,,,,,,,,,,,,,
