Lamar Jackson,CLE,HOU,KC,WSH,CIN,PHI,#CALC!,PIT,IND,NE,TEN,#CALC!,DAL,CLE,JAX,NYG,CIN,LV,KC,DET,DEN,IND,LAC,CIN,#CALC!,MIN,MIA,#CALC!,CLE,PIT,#CALC!,#CALC!,#CALC!,#CALC!,#CALC!,NYJ,MIA,NE,BUF,CIN,NYG,CLE,TB,NO,#CALC!,CAR,JAX,#CALC!,#CALC!,#CALC!,#CALC!,#CALC!,#CALC!,HOU,CIN,IND,CLE,PIT,TEN,DET,ARI,SEA,CLE,CIN,LAC,#CALC!,LAR,JAX,SF,MIA,#CALC!
Aaron Rodgers,MIN,DET,NO,ATL,#CALC!,TB,HOU,MIN,SF,JAX,IND,CHI,PHI,DET,CAR,TEN,CHI,NO,DET,SF,PIT,CIN,CHI,WSH,ARI,#CALC!,SEA,MIN,LAR,#CALC!,CHI,BAL,CLE,MIN,DET,MIN,CHI,TB,NE,NYG,NYJ,WSH,BUF,DET,DAL,TEN,PHI,CHI,#CALC!,LAR,MIA,MIN,DET,#CALC!,#CALC!,#CALC!,#CALC!,#CALC!,#CALC!,#CALC!,#CALC!,#CALC!,#CALC!,#CALC!,#CALC!,#CALC!,#CALC!,#CALC!,#CALC!,#CALC!,#CALC!
Russell Wilson,ATL,NE,DAL,MIA,MIN,#CALC!,ARI,SF,BUF,LAR,ARI,PHI,NYG,NYJ,WSH,LAR,SF,IND,TEN,MIN,SF,LAR,#CALC!,#CALC!,#CALC!,#CALC!,GB,ARI,WSH,SF,HOU,LAR,CHI,DET,ARI,SEA,HOU,SF,LV,IND,LAC,#CALC!,JAX,#CALC!,TEN,LV,CAR,BAL,KC,#CALC!,LAR,KC,LAC,LV,WSH,MIA,CHI,NYJ,KC,GB,KC,#CALC!,BUF,MIN,CLE,HOU,LAC,DET,NE,#CALC!,#CALC!
Patrick Mahomes,HOU,LAC,BAL,NE,LV,BUF,DEN,NYJ,CAR,#CALC!,LV,TB,DEN,MIA,NO,ATL,#CALC!,CLE,BAL,LAC,PHI,BUF,WSH,TEN,NYG,GB,LV,DAL,#CALC!,DEN,LV,LAC,PIT,CIN,DEN,ARI,LAC,IND,TB,LV,BUF,SF,#CALC!,TEN,JAX,LAC,LAR,CIN,DEN,HOU,SEA,DEN,LV,DET,JAX,CHI,NYJ,MIN,DEN,LAC,DEN,MIA,#CALC!,PHI,LV,GB,BUF,NE,LV,CIN,#CALC!
Kyler Murray,SF,WSH,DET,CAR,NYJ,DAL,SEA,#CALC!,MIA,BUF,SEA,NE,LAR,NYG,PHI,SF,#CALC!,TEN,MIN,JAX,LAR,SF,CLE,HOU,GB,#CALC!,#CALC!,#CALC!,#CALC!,CHI,LAR,DET,IND,DAL,SEA,KC,LV,LAR,CAR,PHI,SEA,NO,MIN,SEA,#CALC!,#CALC!,LAC,#CALC!,#CALC!,#CALC!,#CALC!,#CALC!,#CALC!,#CALC!,#CALC!,#CALC!,#CALC!,#CALC!,#CALC!,#CALC!,#CALC!,#CALC!,ATL,HOU,LAR,PIT,#CALC!,SF,CHI,PHI,SEA
Cam Newton,MIA,SEA,LV,#CALC!,#CALC!,DEN,SF,BUF,NYJ,BAL,HOU,ARI,LAC,LAR,MIA,#CALC!,NYJ,#CALC!,#CALC!,#CALC!,#CALC!,#CALC!,#CALC!,#CALC!,#CALC!,#CALC!,#CALC!,WSH,MIA,#CALC!,ATL,BUF,TB,#CALC!,#CALC!,#CALC!,#CALC!,#CALC!,#CALC!,#CALC!,#CALC!,#CALC!,#CALC!,#CALC!,#CALC!,#CALC!,#CALC!,#CALC!,#CALC!,#CALC!,#CALC!,#CALC!,#CALC!,#CALC!,#CALC!,#CALC!,#CALC!,#CALC!,#CALC!,#CALC!,#CALC!,#CALC!,#CALC!,#CALC!,#CALC!,#CALC!,#CALC!,#CALC!,#CALC!,#CALC!,#CALC!
Dak Prescott,LAR,ATL,SEA,CLE,NYG,#CALC!,#CALC!,#CALC!,#CALC!,#CALC!,#CALC!,#CALC!,#CALC!,#CALC!,#CALC!,#CALC!,#CALC!,TB,LAC,PHI,CAR,NYG,NE,#CALC!,#CALC!,DEN,ATL,KC,LV,NO,WSH,NYG,WSH,ARI,PHI,TB,#CALC!,#CALC!,#CALC!,#CALC!,#CALC!,DET,CHI,#CALC!,GB,MIN,NYG,IND,HOU,JAX,PHI,TEN,WSH,NYG,NYJ,ARI,NE,SF,LAC,#CALC!,LAR,PHI,NYG,CAR,WSH,SEA,PHI,BUF,MIA,DET,WSH
Gardner Minshew,IND,TEN,MIA,CIN,HOU,DET,LAC,#CALC!,#CALC!,#CALC!,#CALC!,#CALC!,#CALC!,TEN,BAL,#CALC!,#CALC!,#CALC!,#CALC!,#CALC!,#CALC!,#CALC!,#CALC!,#CALC!,#CALC!,#CALC!,#CALC!,#CALC!,#CALC!,NYJ,#CALC!,#CALC!,#CALC!,#CALC!,DAL,#CALC!,#CALC!,#CALC!,#CALC!,#CALC!,#CALC!,#CALC!,#CALC!,#CALC!,#CALC!,#CALC!,#CALC!,#CALC!,#CALC!,#CALC!,DAL,NO,#CALC!,#CALC!,HOU,BAL,#CALC!,#CALC!,JAX,CLE,NO,CAR,NE,#CALC!,TB,TEN,CIN,PIT,ATL,LV,HOU
Ryan Tannehill,DEN,JAX,MIN,#CALC!,BUF,HOU,PIT,CIN,CHI,IND,BAL,IND,CLE,JAX,DET,GB,HOU,ARI,SEA,IND,NYJ,JAX,BUF,KC,IND,LAR,NO,HOU,NE,#CALC!,JAX,PIT,SF,MIA,HOU,NYG,BUF,LV,IND,WSH,#CALC!,IND,#CALC!,#CALC!,DEN,GB,CIN,PHI,JAX,LAC,#CALC!,#CALC!,#CALC!,NO,LAC,CLE,CIN,IND,BAL,#CALC!,#CALC!,#CALC!,#CALC!,#CALC!,#CALC!,#CALC!,#CALC!,#CALC!,SEA,HOU,JAX
Drew Brees,TB,LV,GB,DET,LAC,#CALC!,CAR,CHI,TB,#CALC!,#CALC!,#CALC!,#CALC!,#CALC!,KC,MIN,CAR,#CALC!,#CALC!,#CALC!,#CALC!,#CALC!,#CALC!,#CALC!,#CALC!,#CALC!,#CALC!,#CALC!,#CALC!,#CALC!,#CALC!,#CALC!,#CALC!,#CALC!,#CALC!,#CALC!,#CALC!,#CALC!,#CALC!,#CALC!,#CALC!,#CALC!,#CALC!,#CALC!,#CALC!,#CALC!,#CALC!,#CALC!,#CALC!,#CALC!,#CALC!,#CALC!,#CALC!,#CALC!,#CALC!,#CALC!,#CALC!,#CALC!,#CALC!,#CALC!,#CALC!,#CALC!,#CALC!,#CALC!,#CALC!,#CALC!,#CALC!,#CALC!,#CALC!,#CALC!,#CALC!
Teddy Bridgewater,LV,TB,LAC,ARI,ATL,CHI,NO,ATL,KC,TB,#CALC!,MIN,#CALC!,DEN,GB,WSH,NO,NYG,JAX,NYJ,BAL,PIT,LV,CLE,WSH,DAL,PHI,#CALC!,LAC,KC,DET,CIN,#CALC!,#CALC!,#CALC!,#CALC!,#CALC!,#CALC!,CIN,#CALC!,MIN,#CALC!,#CALC!,#CALC!,#CALC!,#CALC!,#CALC!,#CALC!,#CALC!,#CALC!,#CALC!,NE,#CALC!,#CALC!,#CALC!,#CALC!,#CALC!,#CALC!,#CALC!,#CALC!,#CALC!,#CALC!,#CALC!,#CALC!,#CALC!,#CALC!,#CALC!,#CALC!,#CALC!,#CALC!,#CALC!
Matt Ryan,SEA,DAL,CHI,GB,CAR,MIN,DET,CAR,DEN,#CALC!,NO,LV,NO,LAC,TB,KC,TB,PHI,TB,NYG,WSH,NYJ,#CALC!,MIA,CAR,NO,DAL,NE,JAX,TB,CAR,SF,DET,BUF,NO,HOU,JAX,KC,TEN,DEN,JAX,TEN,#CALC!,#CALC!,LV,PHI,PIT,DAL,#CALC!,MIN,#CALC!,#CALC!,#CALC!,#CALC!,#CALC!,#CALC!,#CALC!,#CALC!,#CALC!,#CALC!,#CALC!,#CALC!,#CALC!,#CALC!,#CALC!,#CALC!,#CALC!,#CALC!,#CALC!,#CALC!,#CALC!
Josh Allen,NYJ,MIA,LAR,LV,TEN,KC,NYJ,NE,SEA,ARI,#CALC!,LAC,SF,PIT,DEN,NE,MIA,PIT,MIA,WSH,HOU,KC,TEN,#CALC!,MIA,JAX,NYJ,IND,NO,NE,TB,CAR,NE,ATL,NYJ,LAR,TEN,MIA,BAL,PIT,KC,#CALC!,GB,NYJ,MIN,CLE,DET,NE,NYJ,MIA,CHI,#CALC!,NE,NYJ,LV,WSH,MIA,JAX,NYG,NE,TB,CIN,DEN,NYJ,PHI,#CALC!,KC,DAL,LAC,NE,MIA
Daniel Jones,PIT,CHI,SF,LAR,DAL,WSH,PHI,TB,WSH,PHI,#CALC!,CIN,#CALC!,ARI,#CALC!,BAL,DAL,DEN,WSH,ATL,NO,#CALC!,LAR,CAR,KC,LV,#CALC!,TB,PHI,#CALC!,#CALC!,#CALC!,#CALC!,#CALC!,#CALC!,TEN,CAR,DAL,CHI,GB,BAL,JAX,SEA,#CALC!,HOU,DET,DAL,WSH,PHI,WSH,MIN,IND,#CALC!,DAL,ARI,SF,SEA,MIA,#CALC!,#CALC!,#CALC!,#CALC!,#CALC!,#CALC!,#CALC!,#CALC!,#CALC!,#CALC!,#CALC!,#CALC!,#CALC!
Kirk Cousins,GB,IND,TEN,HOU,SEA,ATL,#CALC!,GB,DET,CHI,DAL,CAR,JAX,TB,CHI,NO,DET,CIN,ARI,SEA,CLE,DET,CAR,#CALC!,DAL,BAL,LAC,GB,SF,DET,PIT,CHI,LAR,#CALC!,CHI,GB,PHI,DET,NO,CHI,MIA,#CALC!,ARI,WSH,BUF,DAL,NE,NYJ,DET,IND,NYG,GB,CHI,TB,PHI,LAC,CAR,KC,CHI,SF,GB,#CALC!,#CALC!,#CALC!,#CALC!,#CALC!,#CALC!,#CALC!,#CALC!,#CALC!,#CALC!
Ben Roethlisberger,NYG,DEN,HOU,#CALC!,PHI,CLE,TEN,BAL,DAL,CIN,JAX,BAL,WSH,BUF,CIN,IND,#CALC!,BUF,LV,CIN,GB,DEN,SEA,#CALC!,CLE,CHI,#CALC!,LAC,CIN,BAL,MIN,TEN,KC,CLE,BAL,#CALC!,#CALC!,#CALC!,#CALC!,#CALC!,#CALC!,#CALC!,#CALC!,#CALC!,#CALC!,#CALC!,#CALC!,#CALC!,#CALC!,#CALC!,#CALC!,#CALC!,#CALC!,#CALC!,#CALC!,#CALC!,#CALC!,#CALC!,#CALC!,#CALC!,#CALC!,#CALC!,#CALC!,#CALC!,#CALC!,#CALC!,#CALC!,#CALC!,#CALC!,#CALC!,#CALC!
Derek Carr,CAR,NO,NE,BUF,KC,#CALC!,TB,CLE,LAC,DEN,KC,ATL,NYJ,IND,#CALC!,MIA,DEN,BAL,PIT,MIA,LAC,CHI,DEN,PHI,#CALC!,NYG,KC,CIN,DAL,WSH,KC,CLE,DEN,IND,LAC,LAC,ARI,TEN,DEN,KC,#CALC!,HOU,NO,JAX,IND,DEN,SEA,LAC,LAR,NE,PIT,#CALC!,#CALC!,TEN,CAR,GB,TB,NE,HOU,JAX,IND,CHI,MIN,#CALC!,ATL,DET,CAR,NYG,LAR,TB,ATL
Ryan Fitzpatrick,NE,BUF,JAX,SEA,SF,NYJ,#CALC!,#CALC!,#CALC!,#CALC!,DEN,NYJ,#CALC!,#CALC!,#CALC!,#CALC!,#CALC!,#CALC!,#CALC!,#CALC!,#CALC!,#CALC!,#CALC!,#CALC!,#CALC!,#CALC!,#CALC!,#CALC!,#CALC!,#CALC!,#CALC!,#CALC!,#CALC!,#CALC!,#CALC!,#CALC!,#CALC!,#CALC!,#CALC!,#CALC!,#CALC!,#CALC!,#CALC!,#CALC!,#CALC!,#CALC!,#CALC!,#CALC!,#CALC!,#CALC!,#CALC!,#CALC!,#CALC!,#CALC!,#CALC!,#CALC!,#CALC!,#CALC!,#CALC!,#CALC!,#CALC!,#CALC!,#CALC!,#CALC!,#CALC!,#CALC!,#CALC!,#CALC!,#CALC!,#CALC!,#CALC!
Drew Lock,TEN,#CALC!,#CALC!,#CALC!,#CALC!,NE,KC,LAC,ATL,LV,MIA,#CALC!,KC,CAR,BUF,LAC,LV,#CALC!,#CALC!,#CALC!,BAL,#CALC!,#CALC!,#CALC!,#CALC!,#CALC!,#CALC!,#CALC!,#CALC!,#CALC!,#CALC!,#CALC!,LV,LAC,KC,#CALC!,#CALC!,#CALC!,#CALC!,#CALC!,#CALC!,#CALC!,#CALC!,#CALC!,#CALC!,#CALC!,#CALC!,#CALC!,#CALC!,#CALC!,#CALC!,#CALC!,#CALC!,#CALC!,#CALC!,#CALC!,#CALC!,#CALC!,#CALC!,#CALC!,#CALC!,#CALC!,#CALC!,#CALC!,#CALC!,#CALC!,SF,PHI,#CALC!,#CALC!,#CALC!
Mitch Trubisky,DET,NYG,ATL,#CALC!,#CALC!,#CALC!,#CALC!,#CALC!,#CALC!,#CALC!,#CALC!,GB,DET,HOU,MIN,JAX,GB,#CALC!,#CALC!,#CALC!,#CALC!,#CALC!,#CALC!,#CALC!,#CALC!,#CALC!,#CALC!,#CALC!,#CALC!,#CALC!,#CALC!,#CALC!,#CALC!,#CALC!,#CALC!,CIN,NE,CLE,#CALC!,#CALC!,#CALC!,#CALC!,#CALC!,#CALC!,#CALC!,#CALC!,#CALC!,#CALC!,BAL,CAR,#CALC!,#CALC!,#CALC!,#CALC!,#CALC!,#CALC!,#CALC!,#CALC!,#CALC!,#CALC!,JAX,#CALC!,#CALC!,#CALC!,#CALC!,ARI,NE,IND,#CALC!,#CALC!,#CALC!
Deshaun Watson,KC,BAL,PIT,MIN,JAX,TEN,GB,#CALC!,JAX,CLE,NE,DET,IND,CHI,IND,CIN,TEN,#CALC!,#CALC!,#CALC!,#CALC!,#CALC!,#CALC!,#CALC!,#CALC!,#CALC!,#CALC!,#CALC!,#CALC!,#CALC!,#CALC!,#CALC!,#CALC!,#CALC!,#CALC!,#CALC!,#CALC!,#CALC!,#CALC!,#CALC!,#CALC!,#CALC!,#CALC!,#CALC!,#CALC!,#CALC!,#CALC!,HOU,CIN,BAL,NO,WSH,PIT,CIN,PIT,TEN,#CALC!,#CALC!,#CALC!,#CALC!,#CALC!,ARI,BAL,#CALC!,#CALC!,#CALC!,#CALC!,#CALC!,#CALC!,#CALC!,#CALC!
Matthew Stafford,CHI,GB,ARI,NO,#CALC!,JAX,ATL,IND,MIN,WSH,CAR,HOU,CHI,GB,TEN,#CALC!,MIN,CHI,IND,TB,ARI,SEA,NYG,DET,HOU,TEN,SF,#CALC!,GB,JAX,ARI,SEA,MIN,BAL,SF,BUF,ATL,ARI,SF,DAL,CAR,#CALC!,SF,TB,#CALC!,NO,#CALC!,#CALC!,#CALC!,#CALC!,#CALC!,#CALC!,#CALC!,SEA,SF,CIN,IND,PHI,ARI,PIT,DAL,#CALC!,#CALC!,SEA,ARI,CLE,BAL,WSH,NO,NYG,#CALC!
Dwayne Haskins,PHI,ARI,CLE,BAL,#CALC!,#CALC!,#CALC!,#CALC!,#CALC!,#CALC!,#CALC!,#CALC!,#CALC!,#CALC!,SEA,CAR,#CALC!,#CALC!,#CALC!,#CALC!,#CALC!,#CALC!,#CALC!,#CALC!,#CALC!,#CALC!,#CALC!,#CALC!,#CALC!,#CALC!,#CALC!,#CALC!,#CALC!,#CALC!,#CALC!,#CALC!,#CALC!,#CALC!,#CALC!,#CALC!,#CALC!,#CALC!,#CALC!,#CALC!,#CALC!,#CALC!,#CALC!,#CALC!,#CALC!,#CALC!,#CALC!,#CALC!,#CALC!,#CALC!,#CALC!,#CALC!,#CALC!,#CALC!,#CALC!,#CALC!,#CALC!,#CALC!,#CALC!,#CALC!,#CALC!,#CALC!,#CALC!,#CALC!,#CALC!,#CALC!,#CALC!
Philip Rivers,JAX,MIN,NYJ,CHI,CLE,CIN,#CALC!,DET,BAL,TEN,GB,TEN,HOU,LV,HOU,PIT,JAX,#CALC!,#CALC!,#CALC!,#CALC!,#CALC!,#CALC!,#CALC!,#CALC!,#CALC!,#CALC!,#CALC!,#CALC!,#CALC!,#CALC!,#CALC!,#CALC!,#CALC!,#CALC!,#CALC!,#CALC!,#CALC!,#CALC!,#CALC!,#CALC!,#CALC!,#CALC!,#CALC!,#CALC!,#CALC!,#CALC!,#CALC!,#CALC!,#CALC!,#CALC!,#CALC!,#CALC!,#CALC!,#CALC!,#CALC!,#CALC!,#CALC!,#CALC!,#CALC!,#CALC!,#CALC!,#CALC!,#CALC!,#CALC!,#CALC!,#CALC!,#CALC!,#CALC!,#CALC!,#CALC!
Jared Goff,DAL,PHI,BUF,NYG,WSH,SF,CHI,MIA,#CALC!,SEA,TB,SF,ARI,NE,NYJ,SEA,#CALC!,SF,GB,BAL,CHI,MIN,CIN,LAR,PHI,#CALC!,PIT,#CALC!,CHI,MIN,DEN,ARI,#CALC!,#CALC!,GB,PHI,WSH,MIN,SEA,NE,#CALC!,DAL,MIA,GB,CHI,NYG,BUF,JAX,MIN,NYJ,CAR,CHI,GB,KC,SEA,ATL,GB,CAR,TB,BAL,LV,#CALC!,LAC,CHI,GB,NO,CHI,DEN,MIN,DAL,MIN
Baker Mayfield,BAL,CIN,WSH,DAL,IND,PIT,CIN,LV,#CALC!,HOU,PHI,JAX,TEN,BAL,NYG,NYJ,PIT,KC,HOU,CHI,MIN,LAC,ARI,#CALC!,PIT,CIN,NE,DET,BAL,#CALC!,BAL,#CALC!,GB,PIT,#CALC!,CLE,NYG,NO,ARI,SF,#CALC!,#CALC!,#CALC!,CIN,#CALC!,BAL,#CALC!,#CALC!,LV,GB,DEN,LAC,SEA,MIN,CHI,PHI,NO,#CALC!,DET,ATL,BUF,HOU,TEN,SF,IND,CAR,ATL,GB,JAX,NO,CAR
Tom Brady,NO,CAR,DEN,LAC,CHI,GB,LV,NYG,NO,CAR,LAR,KC,#CALC!,MIN,ATL,DET,ATL,DAL,ATL,LAR,NE,MIA,PHI,CHI,NO,#CALC!,WSH,NYG,IND,ATL,BUF,NO,CAR,NYJ,CAR,DAL,NO,GB,KC,ATL,PIT,CAR,BAL,LAR,SEA,#CALC!,CLE,NO,SF,CIN,ARI,CAR,#CALC!,#CALC!,#CALC!,#CALC!,#CALC!,#CALC!,#CALC!,#CALC!,#CALC!,#CALC!,#CALC!,#CALC!,#CALC!,#CALC!,#CALC!,#CALC!,#CALC!,#CALC!,#CALC!
Jimmy Garoppolo,ARI,#CALC!,#CALC!,#CALC!,MIA,LAR,NE,SEA,#CALC!,#CALC!,#CALC!,#CALC!,#CALC!,#CALC!,#CALC!,#CALC!,#CALC!,DET,PHI,GB,SEA,#CALC!,#CALC!,IND,CHI,ARI,LAR,JAX,MIN,SEA,CIN,ATL,TEN,#CALC!,LAR,#CALC!,SEA,DEN,LAR,CAR,ATL,KC,LAR,#CALC!,LAC,ARI,NO,#CALC!,#CALC!,#CALC!,#CALC!,#CALC!,#CALC!,DEN,BUF,PIT,#CALC!,GB,NE,#CALC!,DET,#CALC!,#CALC!,#CALC!,#CALC!,#CALC!,#CALC!,#CALC!,#CALC!,#CALC!,#CALC!
Tyrod Taylor,CIN,#CALC!,#CALC!,#CALC!,#CALC!,#CALC!,#CALC!,#CALC!,#CALC!,#CALC!,#CALC!,#CALC!,#CALC!,#CALC!,#CALC!,#CALC!,#CALC!,JAX,#CALC!,#CALC!,#CALC!,#CALC!,#CALC!,#CALC!,#CALC!,MIA,#CALC!,TEN,NYJ,#CALC!,#CALC!,#CALC!,#CALC!,#CALC!,#CALC!,#CALC!,#CALC!,#CALC!,#CALC!,#CALC!,#CALC!,#CALC!,#CALC!,#CALC!,#CALC!,#CALC!,#CALC!,#CALC!,#CALC!,#CALC!,#CALC!,#CALC!,#CALC!,#CALC!,#CALC!,#CALC!,#CALC!,#CALC!,BUF,WSH,#CALC!,#CALC!,#CALC!,#CALC!,#CALC!,#CALC!,#CALC!,#CALC!,#CALC!,LAR,PHI
Carson Wentz,WSH,LAR,CIN,SF,PIT,BAL,NYG,DAL,#CALC!,NYG,CLE,SEA,GB,#CALC!,#CALC!,#CALC!,#CALC!,SEA,LAR,TEN,MIA,BAL,HOU,SF,TEN,NYJ,JAX,BUF,TB,HOU,#CALC!,#CALC!,ARI,LV,JAX,JAX,DET,PHI,DAL,TEN,CHI,#CALC!,#CALC!,#CALC!,#CALC!,#CALC!,#CALC!,#CALC!,#CALC!,#CALC!,#CALC!,CLE,#CALC!,#CALC!,#CALC!,#CALC!,#CALC!,#CALC!,#CALC!,#CALC!,#CALC!,#CALC!,#CALC!,#CALC!,#CALC!,#CALC!,#CALC!,#CALC!,#CALC!,#CALC!,SF
Sam Darnold,BUF,SF,IND,DEN,#CALC!,#CALC!,BUF,KC,#CALC!,#CALC!,#CALC!,MIA,LV,SEA,LAR,CLE,NE,NYJ,NO,HOU,DAL,PHI,MIN,NYG,ATL,NE,#CALC!,#CALC!,#CALC!,#CALC!,#CALC!,#CALC!,TB,NO,TB,#CALC!,#CALC!,#CALC!,#CALC!,#CALC!,#CALC!,#CALC!,#CALC!,#CALC!,#CALC!,#CALC!,DEN,#CALC!,SEA,PIT,DET,TB,NO,#CALC!,#CALC!,#CALC!,#CALC!,#CALC!,#CALC!,#CALC!,#CALC!,#CALC!,#CALC!,#CALC!,#CALC!,#CALC!,#CALC!,#CALC!,#CALC!,#CALC!,LAR
Joe Burrow,LAC,CLE,PHI,JAX,BAL,IND,CLE,TEN,#CALC!,PIT,WSH,#CALC!,#CALC!,#CALC!,#CALC!,#CALC!,#CALC!,MIN,CHI,PIT,JAX,GB,DET,BAL,NYJ,CLE,#CALC!,LV,PIT,LAC,SF,DEN,BAL,KC,#CALC!,PIT,DAL,NYJ,MIA,BAL,NO,ATL,CLE,CAR,#CALC!,PIT,TEN,KC,CLE,TB,NE,#CALC!,BAL,CLE,BAL,LAR,TEN,ARI,SEA,#CALC!,SF,BUF,HOU,BAL,#CALC!,#CALC!,#CALC!,#CALC!,#CALC!,#CALC!,#CALC!
Justin Herbert,#CALC!,KC,CAR,TB,NO,#CALC!,JAX,DEN,LV,MIA,NYJ,BUF,NE,ATL,LV,DEN,KC,WSH,DAL,KC,LV,CLE,BAL,#CALC!,NE,PHI,MIN,PIT,DEN,CIN,NYG,KC,HOU,DEN,LV,LV,KC,JAX,HOU,CLE,DEN,SEA,#CALC!,ATL,SF,KC,ARI,LV,MIA,TEN,IND,LAR,DEN,MIA,TEN,MIN,LV,#CALC!,DAL,KC,CHI,NYJ,DET,GB,BAL,NE,DEN,#CALC!,#CALC!,#CALC!,#CALC!
Jeff Driskel,#CALC!,PIT,TB,#CALC!,#CALC!,#CALC!,#CALC!,#CALC!,#CALC!,#CALC!,#CALC!,#CALC!,#CALC!,#CALC!,#CALC!,#CALC!,#CALC!,#CALC!,#CALC!,#CALC!,#CALC!,#CALC!,#CALC!,#CALC!,#CALC!,#CALC!,#CALC!,#CALC!,#CALC!,#CALC!,#CALC!,#CALC!,#CALC!,#CALC!,#CALC!,#CALC!,#CALC!,#CALC!,#CALC!,#CALC!,#CALC!,#CALC!,#CALC!,#CALC!,#CALC!,#CALC!,#CALC!,#CALC!,#CALC!,#CALC!,#CALC!,#CALC!,#CALC!,#CALC!,#CALC!,#CALC!,#CALC!,#CALC!,#CALC!,#CALC!,#CALC!,#CALC!,#CALC!,#CALC!,#CALC!,#CALC!,#CALC!,#CALC!,#CALC!,#CALC!,CIN
Nick Mullens,#CALC!,#CALC!,NYG,PHI,#CALC!,#CALC!,#CALC!,SEA,GB,NO,#CALC!,LAR,BUF,WSH,DAL,#CALC!,#CALC!,#CALC!,#CALC!,#CALC!,#CALC!,#CALC!,#CALC!,#CALC!,#CALC!,#CALC!,#CALC!,#CALC!,#CALC!,#CALC!,#CALC!,LV,#CALC!,#CALC!,#CALC!,#CALC!,#CALC!,#CALC!,#CALC!,#CALC!,#CALC!,#CALC!,#CALC!,#CALC!,#CALC!,#CALC!,#CALC!,#CALC!,#CALC!,#CALC!,#CALC!,#CALC!,CHI,#CALC!,#CALC!,#CALC!,#CALC!,#CALC!,#CALC!,#CALC!,#CALC!,#CALC!,#CALC!,#CALC!,#CALC!,#CALC!,#CALC!,CIN,DET,GB,DET
Nick Foles,#CALC!,#CALC!,ATL,IND,TB,CAR,LAR,NO,TEN,MIN,#CALC!,#CALC!,#CALC!,#CALC!,#CALC!,#CALC!,#CALC!,#CALC!,#CALC!,#CALC!,#CALC!,#CALC!,#CALC!,#CALC!,#CALC!,#CALC!,#CALC!,#CALC!,#CALC!,#CALC!,#CALC!,#CALC!,SEA,#CALC!,#CALC!,#CALC!,#CALC!,#CALC!,#CALC!,#CALC!,#CALC!,#CALC!,#CALC!,#CALC!,#CALC!,#CALC!,#CALC!,#CALC!,#CALC!,#CALC!,LAC,#CALC!,#CALC!,#CALC!,#CALC!,#CALC!,#CALC!,#CALC!,#CALC!,#CALC!,#CALC!,#CALC!,#CALC!,#CALC!,#CALC!,#CALC!,#CALC!,#CALC!,#CALC!,#CALC!,#CALC!
C.J. Beathard,#CALC!,#CALC!,#CALC!,PHI,MIA,#CALC!,#CALC!,#CALC!,#CALC!,#CALC!,#CALC!,#CALC!,#CALC!,#CALC!,#CALC!,ARI,SEA,#CALC!,#CALC!,#CALC!,#CALC!,#CALC!,#CALC!,#CALC!,#CALC!,#CALC!,#CALC!,#CALC!,#CALC!,#CALC!,#CALC!,#CALC!,#CALC!,#CALC!,#CALC!,#CALC!,#CALC!,#CALC!,#CALC!,#CALC!,#CALC!,#CALC!,#CALC!,#CALC!,#CALC!,#CALC!,#CALC!,#CALC!,#CALC!,#CALC!,#CALC!,#CALC!,#CALC!,#CALC!,#CALC!,#CALC!,#CALC!,#CALC!,#CALC!,#CALC!,#CALC!,#CALC!,#CALC!,#CALC!,#CALC!,#CALC!,#CALC!,#CALC!,#CALC!,CAR,#CALC!
Brett Rypien,#CALC!,#CALC!,#CALC!,NYJ,#CALC!,#CALC!,#CALC!,#CALC!,#CALC!,#CALC!,#CALC!,#CALC!,#CALC!,#CALC!,#CALC!,#CALC!,#CALC!,#CALC!,#CALC!,#CALC!,#CALC!,#CALC!,#CALC!,#CALC!,#CALC!,#CALC!,#CALC!,#CALC!,#CALC!,#CALC!,#CALC!,#CALC!,#CALC!,#CALC!,#CALC!,#CALC!,#CALC!,#CALC!,#CALC!,#CALC!,#CALC!,NYJ,#CALC!,#CALC!,#CALC!,#CALC!,#CALC!,#CALC!,#CALC!,ARI,#CALC!,#CALC!,#CALC!,#CALC!,#CALC!,#CALC!,#CALC!,#CALC!,#CALC!,#CALC!,#CALC!,GB,#CALC!,#CALC!,#CALC!,#CALC!,#CALC!,#CALC!,#CALC!,#CALC!,#CALC!
Brian Hoyer,#CALC!,#CALC!,#CALC!,KC,#CALC!,#CALC!,#CALC!,#CALC!,#CALC!,#CALC!,#CALC!,#CALC!,#CALC!,#CALC!,#CALC!,#CALC!,#CALC!,#CALC!,#CALC!,#CALC!,#CALC!,#CALC!,#CALC!,#CALC!,#CALC!,#CALC!,#CALC!,#CALC!,#CALC!,#CALC!,#CALC!,#CALC!,#CALC!,#CALC!,#CALC!,#CALC!,#CALC!,#CALC!,#CALC!,#CALC!,#CALC!,#CALC!,#CALC!,#CALC!,#CALC!,#CALC!,#CALC!,#CALC!,#CALC!,#CALC!,#CALC!,#CALC!,#CALC!,#CALC!,#CALC!,#CALC!,#CALC!,#CALC!,#CALC!,CHI,#CALC!,#CALC!,#CALC!,#CALC!,#CALC!,#CALC!,#CALC!,#CALC!,#CALC!,#CALC!,#CALC!
Joe Flacco,#CALC!,#CALC!,#CALC!,#CALC!,ARI,MIA,#CALC!,#CALC!,NE,#CALC!,LAC,#CALC!,#CALC!,#CALC!,#CALC!,#CALC!,#CALC!,#CALC!,#CALC!,#CALC!,#CALC!,#CALC!,#CALC!,#CALC!,#CALC!,#CALC!,#CALC!,MIA,#CALC!,#CALC!,#CALC!,#CALC!,#CALC!,#CALC!,#CALC!,BAL,CLE,CIN,#CALC!,#CALC!,#CALC!,#CALC!,#CALC!,#CALC!,#CALC!,#CALC!,#CALC!,#CALC!,#CALC!,#CALC!,#CALC!,#CALC!,MIA,#CALC!,#CALC!,#CALC!,#CALC!,#CALC!,#CALC!,#CALC!,#CALC!,#CALC!,#CALC!,#CALC!,#CALC!,LAR,JAX,CHI,HOU,NYJ,#CALC!
Alex Smith,#CALC!,#CALC!,#CALC!,#CALC!,LAR,#CALC!,#CALC!,#CALC!,NYG,DET,CIN,DAL,PIT,SF,#CALC!,#CALC!,PHI,#CALC!,#CALC!,#CALC!,#CALC!,#CALC!,#CALC!,#CALC!,#CALC!,#CALC!,#CALC!,#CALC!,#CALC!,#CALC!,#CALC!,#CALC!,#CALC!,#CALC!,#CALC!,#CALC!,#CALC!,#CALC!,#CALC!,#CALC!,#CALC!,#CALC!,#CALC!,#CALC!,#CALC!,#CALC!,#CALC!,#CALC!,#CALC!,#CALC!,#CALC!,#CALC!,#CALC!,#CALC!,#CALC!,#CALC!,#CALC!,#CALC!,#CALC!,#CALC!,#CALC!,#CALC!,#CALC!,#CALC!,#CALC!,#CALC!,#CALC!,#CALC!,#CALC!,#CALC!,#CALC!
Kyle Allen,#CALC!,#CALC!,#CALC!,#CALC!,#CALC!,NYG,DAL,#CALC!,#CALC!,#CALC!,#CALC!,#CALC!,#CALC!,#CALC!,#CALC!,#CALC!,#CALC!,#CALC!,#CALC!,#CALC!,#CALC!,#CALC!,#CALC!,#CALC!,#CALC!,#CALC!,#CALC!,#CALC!,#CALC!,#CALC!,#CALC!,#CALC!,#CALC!,#CALC!,#CALC!,#CALC!,#CALC!,#CALC!,#CALC!,#CALC!,#CALC!,#CALC!,#CALC!,#CALC!,#CALC!,#CALC!,MIA,CLE,#CALC!,#CALC!,#CALC!,#CALC!,#CALC!,#CALC!,#CALC!,#CALC!,#CALC!,#CALC!,#CALC!,#CALC!,#CALC!,#CALC!,#CALC!,#CALC!,#CALC!,#CALC!,#CALC!,#CALC!,#CALC!,#CALC!,#CALC!
Andy Dalton,#CALC!,#CALC!,#CALC!,#CALC!,#CALC!,ARI,WSH,#CALC!,#CALC!,#CALC!,MIN,WSH,BAL,CIN,SF,PHI,NYG,LAR,#CALC!,#CALC!,#CALC!,#CALC!,#CALC!,#CALC!,#CALC!,#CALC!,#CALC!,BAL,DET,ARI,#CALC!,#CALC!,#CALC!,NYG,MIN,#CALC!,#CALC!,#CALC!,MIN,SEA,CIN,ARI,LV,BAL,PIT,LAR,SF,TB,#CALC!,ATL,#CALC!,PHI,CAR,#CALC!,#CALC!,SEA,#CALC!,#CALC!,#CALC!,#CALC!,#CALC!,#CALC!,#CALC!,#CALC!,#CALC!,#CALC!,#CALC!,#CALC!,#CALC!,#CALC!,#CALC!
Tua Tagovailoa,#CALC!,#CALC!,#CALC!,#CALC!,#CALC!,#CALC!,#CALC!,LAR,ARI,LAC,DEN,#CALC!,CIN,KC,NE,LV,BUF,NE,#CALC!,#CALC!,#CALC!,#CALC!,JAX,ATL,BUF,#CALC!,BAL,NYJ,CAR,NYG,#CALC!,NYJ,NO,TEN,NE,NE,BAL,BUF,#CALC!,#CALC!,#CALC!,PIT,DET,CHI,CLE,#CALC!,HOU,SF,LAC,BUF,GB,#CALC!,#CALC!,LAC,NE,DEN,BUF,NYG,CAR,PHI,NE,KC,#CALC!,LV,NYJ,WSH,TEN,NYJ,DAL,BAL,BUF
Ben DiNucci,#CALC!,#CALC!,#CALC!,#CALC!,#CALC!,#CALC!,#CALC!,PHI,#CALC!,#CALC!,#CALC!,#CALC!,#CALC!,#CALC!,#CALC!,#CALC!,#CALC!,#CALC!,#CALC!,#CALC!,#CALC!,#CALC!,#CALC!,#CALC!,#CALC!,#CALC!,#CALC!,#CALC!,#CALC!,#CALC!,#CALC!,#CALC!,#CALC!,#CALC!,#CALC!,#CALC!,#CALC!,#CALC!,#CALC!,#CALC!,#CALC!,#CALC!,#CALC!,#CALC!,#CALC!,#CALC!,#CALC!,#CALC!,#CALC!,#CALC!,#CALC!,#CALC!,#CALC!,#CALC!,#CALC!,#CALC!,#CALC!,#CALC!,#CALC!,#CALC!,#CALC!,#CALC!,#CALC!,#CALC!,#CALC!,#CALC!,#CALC!,#CALC!,#CALC!,#CALC!,#CALC!
Jake Luton,#CALC!,#CALC!,#CALC!,#CALC!,#CALC!,#CALC!,#CALC!,#CALC!,HOU,GB,PIT,#CALC!,#CALC!,#CALC!,#CALC!,#CALC!,#CALC!,#CALC!,#CALC!,#CALC!,#CALC!,#CALC!,#CALC!,#CALC!,#CALC!,#CALC!,#CALC!,#CALC!,#CALC!,#CALC!,#CALC!,#CALC!,#CALC!,#CALC!,#CALC!,#CALC!,#CALC!,#CALC!,#CALC!,#CALC!,#CALC!,#CALC!,#CALC!,#CALC!,#CALC!,#CALC!,#CALC!,#CALC!,#CALC!,#CALC!,#CALC!,#CALC!,#CALC!,#CALC!,#CALC!,#CALC!,#CALC!,#CALC!,#CALC!,#CALC!,#CALC!,#CALC!,#CALC!,#CALC!,#CALC!,#CALC!,#CALC!,#CALC!,#CALC!,#CALC!,#CALC!
Garrett Gilbert,#CALC!,#CALC!,#CALC!,#CALC!,#CALC!,#CALC!,#CALC!,#CALC!,PIT,#CALC!,#CALC!,#CALC!,#CALC!,#CALC!,#CALC!,#CALC!,#CALC!,#CALC!,#CALC!,#CALC!,#CALC!,#CALC!,#CALC!,#CALC!,#CALC!,#CALC!,#CALC!,#CALC!,#CALC!,#CALC!,#CALC!,PHI,#CALC!,#CALC!,#CALC!,#CALC!,#CALC!,#CALC!,#CALC!,#CALC!,#CALC!,#CALC!,#CALC!,#CALC!,#CALC!,#CALC!,#CALC!,#CALC!,#CALC!,#CALC!,#CALC!,#CALC!,#CALC!,#CALC!,#CALC!,#CALC!,#CALC!,#CALC!,#CALC!,#CALC!,#CALC!,#CALC!,#CALC!,#CALC!,#CALC!,#CALC!,#CALC!,#CALC!,#CALC!,#CALC!,#CALC!
Taysom Hill,#CALC!,#CALC!,#CALC!,#CALC!,#CALC!,#CALC!,#CALC!,#CALC!,#CALC!,#CALC!,ATL,DEN,ATL,PHI,#CALC!,#CALC!,#CALC!,#CALC!,#CALC!,#CALC!,#CALC!,#CALC!,#CALC!,#CALC!,#CALC!,#CALC!,#CALC!,#CALC!,#CALC!,DAL,NYJ,TB,#CALC!,CAR,#CALC!,#CALC!,#CALC!,#CALC!,#CALC!,#CALC!,#CALC!,#CALC!,#CALC!,#CALC!,#CALC!,#CALC!,#CALC!,#CALC!,#CALC!,#CALC!,#CALC!,#CALC!,#CALC!,#CALC!,#CALC!,#CALC!,#CALC!,#CALC!,#CALC!,#CALC!,#CALC!,#CALC!,#CALC!,#CALC!,#CALC!,#CALC!,#CALC!,#CALC!,#CALC!,#CALC!,#CALC!
PJ Walker,#CALC!,#CALC!,#CALC!,#CALC!,#CALC!,#CALC!,#CALC!,#CALC!,#CALC!,#CALC!,DET,#CALC!,#CALC!,#CALC!,#CALC!,#CALC!,#CALC!,#CALC!,#CALC!,#CALC!,#CALC!,#CALC!,#CALC!,#CALC!,#CALC!,#CALC!,ARI,#CALC!,#CALC!,#CALC!,#CALC!,#CALC!,#CALC!,#CALC!,#CALC!,#CALC!,#CALC!,#CALC!,#CALC!,#CALC!,#CALC!,TB,ATL,#CALC!,ATL,#CALC!,#CALC!,#CALC!,#CALC!,#CALC!,#CALC!,#CALC!,#CALC!,#CALC!,#CALC!,#CALC!,#CALC!,#CALC!,SF,IND,SEA,#CALC!,#CALC!,#CALC!,#CALC!,#CALC!,#CALC!,#CALC!,#CALC!,#CALC!,#CALC!
Mike Glennon,#CALC!,#CALC!,#CALC!,#CALC!,#CALC!,#CALC!,#CALC!,#CALC!,#CALC!,#CALC!,#CALC!,CLE,MIN,TEN,#CALC!,CHI,IND,#CALC!,#CALC!,#CALC!,#CALC!,DAL,#CALC!,#CALC!,#CALC!,#CALC!,#CALC!,#CALC!,#CALC!,MIA,LAC,DAL,PHI,#CALC!,#CALC!,#CALC!,#CALC!,#CALC!,#CALC!,#CALC!,#CALC!,#CALC!,#CALC!,#CALC!,#CALC!,#CALC!,#CALC!,#CALC!,#CALC!,#CALC!,#CALC!,#CALC!,#CALC!,#CALC!,#CALC!,#CALC!,#CALC!,#CALC!,#CALC!,#CALC!,#CALC!,#CALC!,#CALC!,#CALC!,#CALC!,#CALC!,#CALC!,#CALC!,#CALC!,#CALC!,#CALC!
Robert Griffin III,#CALC!,#CALC!,#CALC!,#CALC!,#CALC!,#CALC!,#CALC!,#CALC!,#CALC!,#CALC!,#CALC!,PIT,#CALC!,#CALC!,#CALC!,#CALC!,#CALC!,#CALC!,#CALC!,#CALC!,#CALC!,#CALC!,#CALC!,#CALC!,#CALC!,#CALC!,#CALC!,#CALC!,#CALC!,#CALC!,#CALC!,#CALC!,#CALC!,#CALC!,#CALC!,#CALC!,#CALC!,#CALC!,#CALC!,#CALC!,#CALC!,#CALC!,#CALC!,#CALC!,#CALC!,#CALC!,#CALC!,#CALC!,#CALC!,#CALC!,#CALC!,#CALC!,#CALC!,#CALC!,#CALC!,#CALC!,#CALC!,#CALC!,#CALC!,#CALC!,#CALC!,#CALC!,#CALC!,#CALC!,#CALC!,#CALC!,#CALC!,#CALC!,#CALC!,#CALC!,#CALC!
Brandon Allen,#CALC!,#CALC!,#CALC!,#CALC!,#CALC!,#CALC!,#CALC!,#CALC!,#CALC!,#CALC!,#CALC!,NYG,MIA,DAL,#CALC!,HOU,BAL,#CALC!,#CALC!,#CALC!,#CALC!,#CALC!,#CALC!,#CALC!,#CALC!,#CALC!,#CALC!,#CALC!,#CALC!,#CALC!,#CALC!,#CALC!,#CALC!,#CALC!,CLE,#CALC!,#CALC!,#CALC!,#CALC!,#CALC!,#CALC!,#CALC!,#CALC!,#CALC!,#CALC!,#CALC!,#CALC!,#CALC!,#CALC!,#CALC!,#CALC!,#CALC!,#CALC!,#CALC!,#CALC!,#CALC!,#CALC!,#CALC!,#CALC!,#CALC!,#CALC!,#CALC!,#CALC!,#CALC!,#CALC!,#CALC!,#CALC!,#CALC!,#CALC!,#CALC!,#CALC!
Colt McCoy,#CALC!,#CALC!,#CALC!,#CALC!,#CALC!,#CALC!,#CALC!,#CALC!,#CALC!,#CALC!,#CALC!,#CALC!,SEA,#CALC!,CLE,#CALC!,#CALC!,#CALC!,#CALC!,#CALC!,#CALC!,#CALC!,#CALC!,#CALC!,#CALC!,SF,CAR,SEA,#CALC!,#CALC!,#CALC!,#CALC!,#CALC!,#CALC!,#CALC!,#CALC!,#CALC!,#CALC!,#CALC!,#CALC!,#CALC!,#CALC!,#CALC!,#CALC!,LAR,SF,#CALC!,#CALC!,NE,DEN,#CALC!,#CALC!,#CALC!,#CALC!,#CALC!,#CALC!,#CALC!,#CALC!,#CALC!,#CALC!,#CALC!,#CALC!,#CALC!,#CALC!,#CALC!,#CALC!,#CALC!,#CALC!,#CALC!,#CALC!,#CALC!
Jalen Hurts,#CALC!,#CALC!,#CALC!,#CALC!,#CALC!,#CALC!,#CALC!,#CALC!,#CALC!,#CALC!,#CALC!,#CALC!,GB,NO,ARI,DAL,WSH,ATL,SF,DAL,KC,CAR,TB,LV,DET,LAC,DEN,NO,NYG,#CALC!,#CALC!,WSH,NYG,WSH,#CALC!,DET,MIN,WSH,JAX,ARI,DAL,#CALC!,PIT,HOU,WSH,IND,GB,TEN,NYG,CHI,#CALC!,#CALC!,NYG,NE,MIN,TB,WSH,LAR,NYJ,MIA,WSH,DAL,#CALC!,KC,BUF,SF,DAL,SEA,NYG,ARI,NYG
Marcus Mariota,#CALC!,#CALC!,#CALC!,#CALC!,#CALC!,#CALC!,#CALC!,#CALC!,#CALC!,#CALC!,#CALC!,#CALC!,#CALC!,#CALC!,LAC,#CALC!,#CALC!,#CALC!,#CALC!,#CALC!,#CALC!,#CALC!,#CALC!,#CALC!,#CALC!,#CALC!,#CALC!,#CALC!,#CALC!,#CALC!,#CALC!,#CALC!,#CALC!,#CALC!,#CALC!,NO,LAR,SEA,CLE,TB,SF,CIN,CAR,LAC,CAR,CHI,WSH,PIT,#CALC!,#CALC!,#CALC!,#CALC!,#CALC!,#CALC!,#CALC!,#CALC!,#CALC!,#CALC!,#CALC!,#CALC!,#CALC!,#CALC!,#CALC!,#CALC!,#CALC!,#CALC!,#CALC!,#CALC!,#CALC!,#CALC!,NYG
Ryan Finley,#CALC!,#CALC!,#CALC!,#CALC!,#CALC!,#CALC!,#CALC!,#CALC!,#CALC!,#CALC!,#CALC!,#CALC!,#CALC!,#CALC!,PIT,#CALC!,#CALC!,#CALC!,#CALC!,#CALC!,#CALC!,#CALC!,#CALC!,#CALC!,#CALC!,#CALC!,#CALC!,#CALC!,#CALC!,#CALC!,#CALC!,#CALC!,#CALC!,#CALC!,#CALC!,#CALC!,#CALC!,#CALC!,#CALC!,#CALC!,#CALC!,#CALC!,#CALC!,#CALC!,#CALC!,#CALC!,#CALC!,#CALC!,#CALC!,#CALC!,#CALC!,#CALC!,#CALC!,#CALC!,#CALC!,#CALC!,#CALC!,#CALC!,#CALC!,#CALC!,#CALC!,#CALC!,#CALC!,#CALC!,#CALC!,#CALC!,#CALC!,#CALC!,#CALC!,#CALC!,#CALC!
Blaine Gabbert,#CALC!,#CALC!,#CALC!,#CALC!,#CALC!,#CALC!,#CALC!,#CALC!,#CALC!,#CALC!,#CALC!,#CALC!,#CALC!,#CALC!,#CALC!,DET,#CALC!,#CALC!,#CALC!,#CALC!,#CALC!,#CALC!,#CALC!,#CALC!,#CALC!,#CALC!,#CALC!,#CALC!,#CALC!,#CALC!,#CALC!,#CALC!,#CALC!,#CALC!,#CALC!,#CALC!,#CALC!,#CALC!,#CALC!,#CALC!,#CALC!,#CALC!,#CALC!,#CALC!,#CALC!,#CALC!,#CALC!,#CALC!,#CALC!,#CALC!,#CALC!,#CALC!,#CALC!,#CALC!,#CALC!,#CALC!,#CALC!,#CALC!,#CALC!,#CALC!,#CALC!,#CALC!,#CALC!,#CALC!,#CALC!,#CALC!,#CALC!,#CALC!,#CALC!,#CALC!,LAC
Taylor Heinicke,#CALC!,#CALC!,#CALC!,#CALC!,#CALC!,#CALC!,#CALC!,#CALC!,#CALC!,#CALC!,#CALC!,#CALC!,#CALC!,#CALC!,#CALC!,CAR,#CALC!,#CALC!,NYG,BUF,ATL,NO,KC,GB,DEN,#CALC!,TB,CAR,SEA,LV,DAL,#CALC!,DAL,PHI,NYG,#CALC!,#CALC!,#CALC!,#CALC!,#CALC!,#CALC!,GB,IND,MIN,PHI,HOU,ATL,NYG,#CALC!,NYG,SF,#CALC!,#CALC!,#CALC!,#CALC!,#CALC!,#CALC!,#CALC!,#CALC!,#CALC!,TEN,MIN,ARI,#CALC!,#CALC!,#CALC!,#CALC!,#CALC!,IND,CHI,#CALC!
Chase Daniel,#CALC!,#CALC!,#CALC!,#CALC!,#CALC!,#CALC!,#CALC!,#CALC!,#CALC!,#CALC!,#CALC!,#CALC!,#CALC!,#CALC!,#CALC!,TB,#CALC!,#CALC!,#CALC!,#CALC!,#CALC!,#CALC!,#CALC!,#CALC!,#CALC!,#CALC!,#CALC!,#CALC!,#CALC!,#CALC!,#CALC!,#CALC!,#CALC!,#CALC!,#CALC!,#CALC!,#CALC!,#CALC!,#CALC!,#CALC!,#CALC!,#CALC!,#CALC!,#CALC!,#CALC!,#CALC!,#CALC!,#CALC!,#CALC!,#CALC!,#CALC!,#CALC!,#CALC!,#CALC!,#CALC!,#CALC!,#CALC!,#CALC!,#CALC!,#CALC!,#CALC!,#CALC!,#CALC!,#CALC!,#CALC!,#CALC!,#CALC!,#CALC!,#CALC!,#CALC!,#CALC!
Mason Rudolph,#CALC!,#CALC!,#CALC!,#CALC!,#CALC!,#CALC!,#CALC!,#CALC!,#CALC!,#CALC!,#CALC!,#CALC!,#CALC!,#CALC!,#CALC!,#CALC!,CLE,#CALC!,#CALC!,#CALC!,#CALC!,#CALC!,#CALC!,#CALC!,#CALC!,#CALC!,DET,#CALC!,#CALC!,#CALC!,#CALC!,#CALC!,#CALC!,#CALC!,#CALC!,#CALC!,#CALC!,#CALC!,#CALC!,#CALC!,#CALC!,#CALC!,#CALC!,#CALC!,#CALC!,#CALC!,#CALC!,#CALC!,#CALC!,#CALC!,#CALC!,#CALC!,#CALC!,#CALC!,#CALC!,#CALC!,#CALC!,#CALC!,#CALC!,#CALC!,#CALC!,#CALC!,#CALC!,#CALC!,#CALC!,#CALC!,#CALC!,#CALC!,CIN,SEA,BAL
John Wolford,#CALC!,#CALC!,#CALC!,#CALC!,#CALC!,#CALC!,#CALC!,#CALC!,#CALC!,#CALC!,#CALC!,#CALC!,#CALC!,#CALC!,#CALC!,#CALC!,ARI,#CALC!,#CALC!,#CALC!,#CALC!,#CALC!,#CALC!,#CALC!,#CALC!,#CALC!,#CALC!,#CALC!,#CALC!,#CALC!,#CALC!,#CALC!,#CALC!,#CALC!,#CALC!,#CALC!,#CALC!,#CALC!,#CALC!,#CALC!,#CALC!,#CALC!,#CALC!,#CALC!,ARI,#CALC!,#CALC!,SEA,#CALC!,#CALC!,#CALC!,#CALC!,#CALC!,#CALC!,#CALC!,#CALC!,#CALC!,#CALC!,#CALC!,#CALC!,#CALC!,#CALC!,#CALC!,#CALC!,#CALC!,#CALC!,#CALC!,#CALC!,#CALC!,#CALC!,#CALC!
Chris Streveler,#CALC!,#CALC!,#CALC!,#CALC!,#CALC!,#CALC!,#CALC!,#CALC!,#CALC!,#CALC!,#CALC!,#CALC!,#CALC!,#CALC!,#CALC!,#CALC!,LAR,#CALC!,#CALC!,#CALC!,#CALC!,#CALC!,#CALC!,#CALC!,#CALC!,#CALC!,#CALC!,#CALC!,#CALC!,#CALC!,#CALC!,#CALC!,#CALC!,#CALC!,#CALC!,#CALC!,#CALC!,#CALC!,#CALC!,#CALC!,#CALC!,#CALC!,#CALC!,#CALC!,#CALC!,#CALC!,#CALC!,#CALC!,#CALC!,#CALC!,JAX,#CALC!,#CALC!,#CALC!,#CALC!,#CALC!,#CALC!,#CALC!,#CALC!,#CALC!,#CALC!,#CALC!,#CALC!,#CALC!,#CALC!,#CALC!,#CALC!,#CALC!,#CALC!,#CALC!,#CALC!
Chad Henne,#CALC!,#CALC!,#CALC!,#CALC!,#CALC!,#CALC!,#CALC!,#CALC!,#CALC!,#CALC!,#CALC!,#CALC!,#CALC!,#CALC!,#CALC!,#CALC!,LAC,#CALC!,#CALC!,#CALC!,#CALC!,#CALC!,#CALC!,#CALC!,#CALC!,#CALC!,#CALC!,#CALC!,#CALC!,#CALC!,#CALC!,#CALC!,#CALC!,#CALC!,#CALC!,#CALC!,#CALC!,#CALC!,#CALC!,#CALC!,#CALC!,#CALC!,#CALC!,#CALC!,#CALC!,#CALC!,#CALC!,#CALC!,#CALC!,#CALC!,#CALC!,#CALC!,#CALC!,#CALC!,#CALC!,#CALC!,#CALC!,#CALC!,#CALC!,#CALC!,#CALC!,#CALC!,#CALC!,#CALC!,#CALC!,#CALC!,#CALC!,#CALC!,#CALC!,#CALC!,#CALC!
Jameis Winston,#CALC!,#CALC!,#CALC!,#CALC!,#CALC!,#CALC!,#CALC!,#CALC!,#CALC!,#CALC!,#CALC!,#CALC!,#CALC!,#CALC!,#CALC!,#CALC!,#CALC!,GB,CAR,NE,NYG,WSH,#CALC!,SEA,#CALC!,#CALC!,#CALC!,#CALC!,#CALC!,#CALC!,#CALC!,#CALC!,#CALC!,#CALC!,#CALC!,ATL,TB,CAR,#CALC!,#CALC!,#CALC!,#CALC!,#CALC!,#CALC!,#CALC!,#CALC!,#CALC!,#CALC!,#CALC!,#CALC!,#CALC!,#CALC!,#CALC!,#CALC!,#CALC!,#CALC!,#CALC!,#CALC!,#CALC!,#CALC!,#CALC!,#CALC!,MIN,#CALC!,#CALC!,#CALC!,#CALC!,#CALC!,#CALC!,#CALC!,#CALC!
Mac Jones,#CALC!,#CALC!,#CALC!,#CALC!,#CALC!,#CALC!,#CALC!,#CALC!,#CALC!,#CALC!,#CALC!,#CALC!,#CALC!,#CALC!,#CALC!,#CALC!,#CALC!,MIA,NYJ,NO,TB,HOU,DAL,NYJ,LAC,CAR,CLE,ATL,TEN,#CALC!,#CALC!,IND,BUF,JAX,MIA,MIA,PIT,BAL,#CALC!,#CALC!,#CALC!,#CALC!,NYJ,IND,#CALC!,NYJ,MIN,BUF,ARI,LV,CIN,MIA,BUF,PHI,MIA,NYJ,DAL,NO,LV,BUF,MIA,WSH,IND,#CALC!,NYG,#CALC!,#CALC!,#CALC!,#CALC!,#CALC!,#CALC!
Zach Wilson,#CALC!,#CALC!,#CALC!,#CALC!,#CALC!,#CALC!,#CALC!,#CALC!,#CALC!,#CALC!,#CALC!,#CALC!,#CALC!,#CALC!,#CALC!,#CALC!,#CALC!,CAR,NE,DEN,TEN,ATL,#CALC!,#CALC!,#CALC!,#CALC!,#CALC!,#CALC!,HOU,PHI,NO,MIA,JAX,TB,BUF,#CALC!,#CALC!,#CALC!,PIT,MIA,GB,DEN,NE,BUF,#CALC!,NE,#CALC!,#CALC!,#CALC!,DET,JAX,#CALC!,#CALC!,BUF,DAL,NE,KC,DEN,PHI,#CALC!,NYG,LAC,LV,BUF,#CALC!,#CALC!,HOU,#CALC!,#CALC!,#CALC!,#CALC!
Trevor Lawrence,#CALC!,#CALC!,#CALC!,#CALC!,#CALC!,#CALC!,#CALC!,#CALC!,#CALC!,#CALC!,#CALC!,#CALC!,#CALC!,#CALC!,#CALC!,#CALC!,#CALC!,HOU,DEN,ARI,CIN,TEN,MIA,#CALC!,SEA,BUF,IND,SF,ATL,LAR,TEN,HOU,NYJ,NE,IND,WSH,IND,LAC,PHI,HOU,IND,NYG,DEN,LV,KC,#CALC!,BAL,DET,TEN,DAL,NYJ,HOU,TEN,IND,KC,HOU,ATL,BUF,IND,NO,PIT,#CALC!,SF,TEN,HOU,CIN,CLE,BAL,TB,#CALC!,TEN
Jacoby Brissett,#CALC!,#CALC!,#CALC!,#CALC!,#CALC!,#CALC!,#CALC!,#CALC!,#CALC!,#CALC!,#CALC!,#CALC!,#CALC!,#CALC!,#CALC!,#CALC!,#CALC!,#CALC!,BUF,LV,IND,TB,#CALC!,#CALC!,#CALC!,HOU,BAL,#CALC!,#CALC!,#CALC!,#CALC!,#CALC!,#CALC!,#CALC!,#CALC!,CAR,NYJ,PIT,ATL,LAC,NE,BAL,CIN,#CALC!,MIA,BUF,TB,#CALC!,#CALC!,#CALC!,#CALC!,#CALC!,#CALC!,#CALC!,#CALC!,#CALC!,#CALC!,#CALC!,#CALC!,#CALC!,#CALC!,#CALC!,#CALC!,#CALC!,#CALC!,#CALC!,#CALC!,#CALC!,#CALC!,#CALC!,#CALC!
Davis Mills,#CALC!,#CALC!,#CALC!,#CALC!,#CALC!,#CALC!,#CALC!,#CALC!,#CALC!,#CALC!,#CALC!,#CALC!,#CALC!,#CALC!,#CALC!,#CALC!,#CALC!,#CALC!,CLE,CAR,BUF,NE,IND,ARI,LAR,#CALC!,#CALC!,#CALC!,#CALC!,#CALC!,SEA,JAX,LAC,SF,TEN,IND,DEN,CHI,LAC,JAX,#CALC!,LV,TEN,PHI,NYG,WSH,#CALC!,#CALC!,DAL,KC,TEN,JAX,IND,#CALC!,#CALC!,#CALC!,#CALC!,#CALC!,#CALC!,#CALC!,#CALC!,#CALC!,#CALC!,#CALC!,#CALC!,#CALC!,#CALC!,#CALC!,CLE,#CALC!,#CALC!
Justin Fields,#CALC!,#CALC!,#CALC!,#CALC!,#CALC!,#CALC!,#CALC!,#CALC!,#CALC!,#CALC!,#CALC!,#CALC!,#CALC!,#CALC!,#CALC!,#CALC!,#CALC!,#CALC!,CIN,CLE,DET,LV,GB,TB,SF,PIT,#CALC!,#CALC!,#CALC!,#CALC!,GB,MIN,#CALC!,#CALC!,#CALC!,SF,GB,HOU,NYG,MIN,WSH,NE,DAL,MIA,DET,ATL,#CALC!,GB,#CALC!,PHI,BUF,DET,#CALC!,GB,TB,KC,DEN,WSH,MIN,#CALC!,#CALC!,#CALC!,#CALC!,DET,MIN,#CALC!,DET,CLE,ARI,ATL,GB
Trey Lance,#CALC!,#CALC!,#CALC!,#CALC!,#CALC!,#CALC!,#CALC!,#CALC!,#CALC!,#CALC!,#CALC!,#CALC!,#CALC!,#CALC!,#CALC!,#CALC!,#CALC!,#CALC!,#CALC!,#CALC!,SEA,ARI,#CALC!,#CALC!,#CALC!,#CALC!,#CALC!,#CALC!,#CALC!,#CALC!,#CALC!,#CALC!,#CALC!,HOU,#CALC!,CHI,#CALC!,#CALC!,#CALC!,#CALC!,#CALC!,#CALC!,#CALC!,#CALC!,#CALC!,#CALC!,#CALC!,#CALC!,#CALC!,#CALC!,#CALC!,#CALC!,#CALC!,#CALC!,#CALC!,#CALC!,#CALC!,#CALC!,#CALC!,#CALC!,#CALC!,#CALC!,#CALC!,#CALC!,#CALC!,#CALC!,#CALC!,#CALC!,#CALC!,#CALC!,#CALC!
Geno Smith,#CALC!,#CALC!,#CALC!,#CALC!,#CALC!,#CALC!,#CALC!,#CALC!,#CALC!,#CALC!,#CALC!,#CALC!,#CALC!,#CALC!,#CALC!,#CALC!,#CALC!,#CALC!,#CALC!,#CALC!,#CALC!,LAR,PIT,NO,JAX,#CALC!,#CALC!,#CALC!,#CALC!,#CALC!,#CALC!,#CALC!,#CALC!,#CALC!,#CALC!,DEN,SF,ATL,DET,NO,ARI,LAC,NYG,ARI,TB,#CALC!,LV,LAR,CAR,SF,KC,NYJ,LAR,LAR,DET,CAR,NYG,#CALC!,CIN,ARI,CLE,BAL,WSH,LAR,SF,DAL,#CALC!,#CALC!,TEN,PIT,ARI
Mike White,#CALC!,#CALC!,#CALC!,#CALC!,#CALC!,#CALC!,#CALC!,#CALC!,#CALC!,#CALC!,#CALC!,#CALC!,#CALC!,#CALC!,#CALC!,#CALC!,#CALC!,#CALC!,#CALC!,#CALC!,#CALC!,#CALC!,#CALC!,NE,CIN,#CALC!,BUF,#CALC!,#CALC!,#CALC!,#CALC!,#CALC!,#CALC!,#CALC!,#CALC!,#CALC!,#CALC!,#CALC!,#CALC!,#CALC!,#CALC!,#CALC!,#CALC!,#CALC!,#CALC!,#CALC!,CHI,MIN,BUF,#CALC!,#CALC!,SEA,#CALC!,#CALC!,#CALC!,#CALC!,#CALC!,#CALC!,#CALC!,#CALC!,#CALC!,#CALC!,#CALC!,#CALC!,#CALC!,#CALC!,#CALC!,#CALC!,#CALC!,#CALC!,#CALC!
Case Keenum,#CALC!,#CALC!,#CALC!,#CALC!,#CALC!,#CALC!,#CALC!,#CALC!,#CALC!,#CALC!,#CALC!,#CALC!,#CALC!,#CALC!,#CALC!,#CALC!,#CALC!,#CALC!,#CALC!,#CALC!,#CALC!,#CALC!,#CALC!,DEN,#CALC!,#CALC!,#CALC!,#CALC!,#CALC!,#CALC!,#CALC!,#CALC!,#CALC!,#CALC!,CIN,#CALC!,#CALC!,#CALC!,#CALC!,#CALC!,#CALC!,#CALC!,#CALC!,#CALC!,#CALC!,#CALC!,#CALC!,#CALC!,#CALC!,#CALC!,#CALC!,#CALC!,#CALC!,#CALC!,#CALC!,#CALC!,#CALC!,#CALC!,#CALC!,#CALC!,#CALC!,#CALC!,#CALC!,#CALC!,#CALC!,#CALC!,#CALC!,TEN,CLE,#CALC!,#CALC!
Trevor Siemian,#CALC!,#CALC!,#CALC!,#CALC!,#CALC!,#CALC!,#CALC!,#CALC!,#CALC!,#CALC!,#CALC!,#CALC!,#CALC!,#CALC!,#CALC!,#CALC!,#CALC!,#CALC!,#CALC!,#CALC!,#CALC!,#CALC!,#CALC!,#CALC!,TB,ATL,TEN,PHI,BUF,#CALC!,#CALC!,#CALC!,#CALC!,#CALC!,ATL,#CALC!,#CALC!,#CALC!,#CALC!,#CALC!,#CALC!,#CALC!,#CALC!,#CALC!,#CALC!,#CALC!,NYJ,#CALC!,#CALC!,#CALC!,#CALC!,#CALC!,#CALC!,#CALC!,#CALC!,#CALC!,#CALC!,#CALC!,#CALC!,#CALC!,#CALC!,#CALC!,#CALC!,#CALC!,#CALC!,#CALC!,#CALC!,MIA,WSH,CLE,NE
Cooper Rush,#CALC!,#CALC!,#CALC!,#CALC!,#CALC!,#CALC!,#CALC!,#CALC!,#CALC!,#CALC!,#CALC!,#CALC!,#CALC!,#CALC!,#CALC!,#CALC!,#CALC!,#CALC!,#CALC!,#CALC!,#CALC!,#CALC!,#CALC!,#CALC!,MIN,#CALC!,#CALC!,#CALC!,#CALC!,#CALC!,#CALC!,#CALC!,#CALC!,#CALC!,#CALC!,#CALC!,CIN,NYG,WSH,LAR,PHI,#CALC!,#CALC!,#CALC!,#CALC!,#CALC!,#CALC!,#CALC!,#CALC!,#CALC!,#CALC!,#CALC!,#CALC!,#CALC!,#CALC!,#CALC!,#CALC!,#CALC!,#CALC!,#CALC!,#CALC!,#CALC!,#CALC!,#CALC!,#CALC!,#CALC!,#CALC!,#CALC!,#CALC!,#CALC!,#CALC!
Jordan Love,#CALC!,#CALC!,#CALC!,#CALC!,#CALC!,#CALC!,#CALC!,#CALC!,#CALC!,#CALC!,#CALC!,#CALC!,#CALC!,#CALC!,#CALC!,#CALC!,#CALC!,#CALC!,#CALC!,#CALC!,#CALC!,#CALC!,#CALC!,#CALC!,#CALC!,KC,#CALC!,#CALC!,#CALC!,#CALC!,#CALC!,#CALC!,#CALC!,#CALC!,DET,#CALC!,#CALC!,#CALC!,#CALC!,#CALC!,#CALC!,#CALC!,#CALC!,#CALC!,#CALC!,#CALC!,#CALC!,#CALC!,#CALC!,#CALC!,#CALC!,#CALC!,#CALC!,CHI,ATL,NO,DET,LV,#CALC!,DEN,MIN,LAR,PIT,LAC,DET,KC,NYG,TB,CAR,MIN,CHI
Josh Johnson,#CALC!,#CALC!,#CALC!,#CALC!,#CALC!,#CALC!,#CALC!,#CALC!,#CALC!,#CALC!,#CALC!,#CALC!,#CALC!,#CALC!,#CALC!,#CALC!,#CALC!,#CALC!,#CALC!,#CALC!,#CALC!,#CALC!,#CALC!,#CALC!,#CALC!,IND,#CALC!,#CALC!,#CALC!,#CALC!,#CALC!,#CALC!,CIN,#CALC!,#CALC!,#CALC!,#CALC!,#CALC!,#CALC!,#CALC!,#CALC!,#CALC!,#CALC!,#CALC!,#CALC!,#CALC!,#CALC!,#CALC!,#CALC!,#CALC!,#CALC!,#CALC!,#CALC!,#CALC!,#CALC!,#CALC!,#CALC!,#CALC!,#CALC!,#CALC!,#CALC!,#CALC!,#CALC!,#CALC!,#CALC!,#CALC!,#CALC!,#CALC!,#CALC!,#CALC!,#CALC!
Tyler Huntley,#CALC!,#CALC!,#CALC!,#CALC!,#CALC!,#CALC!,#CALC!,#CALC!,#CALC!,#CALC!,#CALC!,#CALC!,#CALC!,#CALC!,#CALC!,#CALC!,#CALC!,#CALC!,#CALC!,#CALC!,#CALC!,#CALC!,#CALC!,#CALC!,#CALC!,#CALC!,#CALC!,CHI,#CALC!,#CALC!,CLE,GB,#CALC!,LAR,PIT,#CALC!,#CALC!,#CALC!,#CALC!,#CALC!,#CALC!,#CALC!,#CALC!,#CALC!,#CALC!,#CALC!,#CALC!,DEN,PIT,CLE,ATL,PIT,#CALC!,#CALC!,#CALC!,#CALC!,#CALC!,#CALC!,#CALC!,#CALC!,#CALC!,#CALC!,#CALC!,#CALC!,#CALC!,#CALC!,#CALC!,#CALC!,#CALC!,#CALC!,PIT
Tim Boyle,#CALC!,#CALC!,#CALC!,#CALC!,#CALC!,#CALC!,#CALC!,#CALC!,#CALC!,#CALC!,#CALC!,#CALC!,#CALC!,#CALC!,#CALC!,#CALC!,#CALC!,#CALC!,#CALC!,#CALC!,#CALC!,#CALC!,#CALC!,#CALC!,#CALC!,#CALC!,#CALC!,CLE,#CALC!,#CALC!,#CALC!,#CALC!,ATL,SEA,#CALC!,#CALC!,#CALC!,#CALC!,#CALC!,#CALC!,#CALC!,#CALC!,#CALC!,#CALC!,#CALC!,#CALC!,#CALC!,#CALC!,#CALC!,#CALC!,#CALC!,#CALC!,#CALC!,#CALC!,#CALC!,#CALC!,#CALC!,#CALC!,#CALC!,#CALC!,#CALC!,#CALC!,#CALC!,#CALC!,MIA,ATL,#CALC!,#CALC!,#CALC!,#CALC!,#CALC!
Jake Fromm,#CALC!,#CALC!,#CALC!,#CALC!,#CALC!,#CALC!,#CALC!,#CALC!,#CALC!,#CALC!,#CALC!,#CALC!,#CALC!,#CALC!,#CALC!,#CALC!,#CALC!,#CALC!,#CALC!,#CALC!,#CALC!,#CALC!,#CALC!,#CALC!,#CALC!,#CALC!,#CALC!,#CALC!,#CALC!,#CALC!,#CALC!,#CALC!,PHI,#CALC!,WSH,#CALC!,#CALC!,#CALC!,#CALC!,#CALC!,#CALC!,#CALC!,#CALC!,#CALC!,#CALC!,#CALC!,#CALC!,#CALC!,#CALC!,#CALC!,#CALC!,#CALC!,#CALC!,#CALC!,#CALC!,#CALC!,#CALC!,#CALC!,#CALC!,#CALC!,#CALC!,#CALC!,#CALC!,#CALC!,#CALC!,#CALC!,#CALC!,#CALC!,#CALC!,#CALC!,#CALC!
Ian Book,#CALC!,#CALC!,#CALC!,#CALC!,#CALC!,#CALC!,#CALC!,#CALC!,#CALC!,#CALC!,#CALC!,#CALC!,#CALC!,#CALC!,#CALC!,#CALC!,#CALC!,#CALC!,#CALC!,#CALC!,#CALC!,#CALC!,#CALC!,#CALC!,#CALC!,#CALC!,#CALC!,#CALC!,#CALC!,#CALC!,#CALC!,#CALC!,MIA,#CALC!,#CALC!,#CALC!,#CALC!,#CALC!,#CALC!,#CALC!,#CALC!,#CALC!,#CALC!,#CALC!,#CALC!,#CALC!,#CALC!,#CALC!,#CALC!,#CALC!,#CALC!,#CALC!,#CALC!,#CALC!,#CALC!,#CALC!,#CALC!,#CALC!,#CALC!,#CALC!,#CALC!,#CALC!,#CALC!,#CALC!,#CALC!,#CALC!,#CALC!,#CALC!,#CALC!,#CALC!,#CALC!
Sean Mannion,#CALC!,#CALC!,#CALC!,#CALC!,#CALC!,#CALC!,#CALC!,#CALC!,#CALC!,#CALC!,#CALC!,#CALC!,#CALC!,#CALC!,#CALC!,#CALC!,#CALC!,#CALC!,#CALC!,#CALC!,#CALC!,#CALC!,#CALC!,#CALC!,#CALC!,#CALC!,#CALC!,#CALC!,#CALC!,#CALC!,#CALC!,#CALC!,#CALC!,GB,#CALC!,#CALC!,#CALC!,#CALC!,#CALC!,#CALC!,#CALC!,#CALC!,#CALC!,#CALC!,#CALC!,#CALC!,#CALC!,#CALC!,#CALC!,#CALC!,#CALC!,#CALC!,#CALC!,#CALC!,#CALC!,#CALC!,#CALC!,#CALC!,#CALC!,#CALC!,#CALC!,#CALC!,#CALC!,#CALC!,#CALC!,#CALC!,#CALC!,#CALC!,#CALC!,#CALC!,#CALC!
Bailey Zappe,#CALC!,#CALC!,#CALC!,#CALC!,#CALC!,#CALC!,#CALC!,#CALC!,#CALC!,#CALC!,#CALC!,#CALC!,#CALC!,#CALC!,#CALC!,#CALC!,#CALC!,#CALC!,#CALC!,#CALC!,#CALC!,#CALC!,#CALC!,#CALC!,#CALC!,#CALC!,#CALC!,#CALC!,#CALC!,#CALC!,#CALC!,#CALC!,#CALC!,#CALC!,#CALC!,#CALC!,#CALC!,#CALC!,GB,DET,CLE,CHI,#CALC!,#CALC!,#CALC!,#CALC!,#CALC!,#CALC!,#CALC!,#CALC!,#CALC!,#CALC!,#CALC!,#CALC!,#CALC!,#CALC!,#CALC!,#CALC!,#CALC!,#CALC!,#CALC!,#CALC!,#CALC!,#CALC!,#CALC!,LAC,PIT,KC,DEN,BUF,NYJ
Kenny Pickett,#CALC!,#CALC!,#CALC!,#CALC!,#CALC!,#CALC!,#CALC!,#CALC!,#CALC!,#CALC!,#CALC!,#CALC!,#CALC!,#CALC!,#CALC!,#CALC!,#CALC!,#CALC!,#CALC!,#CALC!,#CALC!,#CALC!,#CALC!,#CALC!,#CALC!,#CALC!,#CALC!,#CALC!,#CALC!,#CALC!,#CALC!,#CALC!,#CALC!,#CALC!,#CALC!,#CALC!,#CALC!,#CALC!,#CALC!,BUF,TB,MIA,PHI,#CALC!,NO,CIN,IND,ATL,#CALC!,#CALC!,LV,BAL,CLE,SF,CLE,LV,HOU,BAL,#CALC!,LAR,#CALC!,TEN,GB,CLE,CIN,#CALC!,#CALC!,#CALC!,#CALC!,#CALC!,#CALC!
Skylar Thompson,#CALC!,#CALC!,#CALC!,#CALC!,#CALC!,#CALC!,#CALC!,#CALC!,#CALC!,#CALC!,#CALC!,#CALC!,#CALC!,#CALC!,#CALC!,#CALC!,#CALC!,#CALC!,#CALC!,#CALC!,#CALC!,#CALC!,#CALC!,#CALC!,#CALC!,#CALC!,#CALC!,#CALC!,#CALC!,#CALC!,#CALC!,#CALC!,#CALC!,#CALC!,#CALC!,#CALC!,#CALC!,#CALC!,#CALC!,NYJ,#CALC!,#CALC!,#CALC!,#CALC!,#CALC!,#CALC!,#CALC!,#CALC!,#CALC!,#CALC!,#CALC!,NE,NYJ,#CALC!,#CALC!,#CALC!,#CALC!,#CALC!,#CALC!,#CALC!,#CALC!,#CALC!,#CALC!,#CALC!,#CALC!,#CALC!,#CALC!,#CALC!,#CALC!,#CALC!,#CALC!
Sam Ehlinger,#CALC!,#CALC!,#CALC!,#CALC!,#CALC!,#CALC!,#CALC!,#CALC!,#CALC!,#CALC!,#CALC!,#CALC!,#CALC!,#CALC!,#CALC!,#CALC!,#CALC!,#CALC!,#CALC!,#CALC!,#CALC!,#CALC!,#CALC!,#CALC!,#CALC!,#CALC!,#CALC!,#CALC!,#CALC!,#CALC!,#CALC!,#CALC!,#CALC!,#CALC!,#CALC!,#CALC!,#CALC!,#CALC!,#CALC!,#CALC!,#CALC!,#CALC!,WSH,NE,#CALC!,#CALC!,#CALC!,#CALC!,#CALC!,#CALC!,#CALC!,#CALC!,HOU,#CALC!,#CALC!,#CALC!,#CALC!,#CALC!,#CALC!,#CALC!,#CALC!,#CALC!,#CALC!,#CALC!,#CALC!,#CALC!,#CALC!,#CALC!,#CALC!,#CALC!,#CALC!
Malik Willis,#CALC!,#CALC!,#CALC!,#CALC!,#CALC!,#CALC!,#CALC!,#CALC!,#CALC!,#CALC!,#CALC!,#CALC!,#CALC!,#CALC!,#CALC!,#CALC!,#CALC!,#CALC!,#CALC!,#CALC!,#CALC!,#CALC!,#CALC!,#CALC!,#CALC!,#CALC!,#CALC!,#CALC!,#CALC!,#CALC!,#CALC!,#CALC!,#CALC!,#CALC!,#CALC!,#CALC!,#CALC!,#CALC!,#CALC!,#CALC!,#CALC!,#CALC!,HOU,KC,#CALC!,#CALC!,#CALC!,#CALC!,#CALC!,#CALC!,HOU,#CALC!,#CALC!,#CALC!,#CALC!,#CALC!,#CALC!,#CALC!,#CALC!,#CALC!,#CALC!,#CALC!,#CALC!,#CALC!,#CALC!,#CALC!,#CALC!,#CALC!,#CALC!,#CALC!,#CALC!
Bryce Perkins,#CALC!,#CALC!,#CALC!,#CALC!,#CALC!,#CALC!,#CALC!,#CALC!,#CALC!,#CALC!,#CALC!,#CALC!,#CALC!,#CALC!,#CALC!,#CALC!,#CALC!,#CALC!,#CALC!,#CALC!,#CALC!,#CALC!,#CALC!,#CALC!,#CALC!,#CALC!,#CALC!,#CALC!,#CALC!,#CALC!,#CALC!,#CALC!,#CALC!,#CALC!,#CALC!,#CALC!,#CALC!,#CALC!,#CALC!,#CALC!,#CALC!,#CALC!,#CALC!,#CALC!,#CALC!,#CALC!,KC,#CALC!,#CALC!,#CALC!,#CALC!,#CALC!,#CALC!,#CALC!,#CALC!,#CALC!,#CALC!,#CALC!,#CALC!,#CALC!,#CALC!,#CALC!,#CALC!,#CALC!,#CALC!,#CALC!,#CALC!,#CALC!,#CALC!,#CALC!,#CALC!
Brock Purdy,#CALC!,#CALC!,#CALC!,#CALC!,#CALC!,#CALC!,#CALC!,#CALC!,#CALC!,#CALC!,#CALC!,#CALC!,#CALC!,#CALC!,#CALC!,#CALC!,#CALC!,#CALC!,#CALC!,#CALC!,#CALC!,#CALC!,#CALC!,#CALC!,#CALC!,#CALC!,#CALC!,#CALC!,#CALC!,#CALC!,#CALC!,#CALC!,#CALC!,#CALC!,#CALC!,#CALC!,#CALC!,#CALC!,#CALC!,#CALC!,#CALC!,#CALC!,#CALC!,#CALC!,#CALC!,#CALC!,#CALC!,MIA,TB,SEA,WSH,LV,ARI,PIT,LAR,NYG,ARI,DAL,CLE,MIN,CIN,#CALC!,JAX,TB,SEA,PHI,SEA,ARI,BAL,WSH,#CALC!
Desmond Ridder,#CALC!,#CALC!,#CALC!,#CALC!,#CALC!,#CALC!,#CALC!,#CALC!,#CALC!,#CALC!,#CALC!,#CALC!,#CALC!,#CALC!,#CALC!,#CALC!,#CALC!,#CALC!,#CALC!,#CALC!,#CALC!,#CALC!,#CALC!,#CALC!,#CALC!,#CALC!,#CALC!,#CALC!,#CALC!,#CALC!,#CALC!,#CALC!,#CALC!,#CALC!,#CALC!,#CALC!,#CALC!,#CALC!,#CALC!,#CALC!,#CALC!,#CALC!,#CALC!,#CALC!,#CALC!,#CALC!,#CALC!,#CALC!,#CALC!,NO,BAL,ARI,TB,CAR,GB,DET,JAX,HOU,WSH,TB,TEN,#CALC!,#CALC!,#CALC!,NO,NYJ,TB,CAR,#CALC!,#CALC!,NO
Trace McSorley,#CALC!,#CALC!,#CALC!,#CALC!,#CALC!,#CALC!,#CALC!,#CALC!,#CALC!,#CALC!,#CALC!,#CALC!,#CALC!,#CALC!,#CALC!,#CALC!,#CALC!,#CALC!,#CALC!,#CALC!,#CALC!,#CALC!,#CALC!,#CALC!,#CALC!,#CALC!,#CALC!,#CALC!,#CALC!,#CALC!,#CALC!,#CALC!,#CALC!,#CALC!,#CALC!,#CALC!,#CALC!,#CALC!,#CALC!,#CALC!,#CALC!,#CALC!,#CALC!,#CALC!,#CALC!,#CALC!,#CALC!,#CALC!,#CALC!,#CALC!,TB,#CALC!,#CALC!,#CALC!,#CALC!,#CALC!,#CALC!,#CALC!,#CALC!,#CALC!,#CALC!,#CALC!,#CALC!,#CALC!,#CALC!,#CALC!,#CALC!,#CALC!,#CALC!,#CALC!,#CALC!
Jarrett Stidham,#CALC!,#CALC!,#CALC!,#CALC!,#CALC!,#CALC!,#CALC!,#CALC!,#CALC!,#CALC!,#CALC!,#CALC!,#CALC!,#CALC!,#CALC!,#CALC!,#CALC!,#CALC!,#CALC!,#CALC!,#CALC!,#CALC!,#CALC!,#CALC!,#CALC!,#CALC!,#CALC!,#CALC!,#CALC!,#CALC!,#CALC!,#CALC!,#CALC!,#CALC!,#CALC!,#CALC!,#CALC!,#CALC!,#CALC!,#CALC!,#CALC!,#CALC!,#CALC!,#CALC!,#CALC!,#CALC!,#CALC!,#CALC!,#CALC!,#CALC!,#CALC!,SF,KC,#CALC!,#CALC!,#CALC!,#CALC!,#CALC!,#CALC!,#CALC!,#CALC!,#CALC!,#CALC!,#CALC!,#CALC!,#CALC!,#CALC!,#CALC!,#CALC!,LAC,LV
David Blough,#CALC!,#CALC!,#CALC!,#CALC!,#CALC!,#CALC!,#CALC!,#CALC!,#CALC!,#CALC!,#CALC!,#CALC!,#CALC!,#CALC!,#CALC!,#CALC!,#CALC!,#CALC!,#CALC!,#CALC!,#CALC!,#CALC!,#CALC!,#CALC!,#CALC!,#CALC!,#CALC!,#CALC!,#CALC!,#CALC!,#CALC!,#CALC!,#CALC!,#CALC!,#CALC!,#CALC!,#CALC!,#CALC!,#CALC!,#CALC!,#CALC!,#CALC!,#CALC!,#CALC!,#CALC!,#CALC!,#CALC!,#CALC!,#CALC!,#CALC!,#CALC!,ATL,SF,#CALC!,#CALC!,#CALC!,#CALC!,#CALC!,#CALC!,#CALC!,#CALC!,#CALC!,#CALC!,#CALC!,#CALC!,#CALC!,#CALC!,#CALC!,#CALC!,#CALC!,#CALC!
Joshua Dobbs,#CALC!,#CALC!,#CALC!,#CALC!,#CALC!,#CALC!,#CALC!,#CALC!,#CALC!,#CALC!,#CALC!,#CALC!,#CALC!,#CALC!,#CALC!,#CALC!,#CALC!,#CALC!,#CALC!,#CALC!,#CALC!,#CALC!,#CALC!,#CALC!,#CALC!,#CALC!,#CALC!,#CALC!,#CALC!,#CALC!,#CALC!,#CALC!,#CALC!,#CALC!,#CALC!,#CALC!,#CALC!,#CALC!,#CALC!,#CALC!,#CALC!,#CALC!,#CALC!,#CALC!,#CALC!,#CALC!,#CALC!,#CALC!,#CALC!,#CALC!,#CALC!,DAL,JAX,WSH,NYG,DAL,SF,CIN,LAR,SEA,BAL,ATL,NO,DEN,CHI,#CALC!,LV,#CALC!,#CALC!,#CALC!,#CALC!
Davis Webb,#CALC!,#CALC!,#CALC!,#CALC!,#CALC!,#CALC!,#CALC!,#CALC!,#CALC!,#CALC!,#CALC!,#CALC!,#CALC!,#CALC!,#CALC!,#CALC!,#CALC!,#CALC!,#CALC!,#CALC!,#CALC!,#CALC!,#CALC!,#CALC!,#CALC!,#CALC!,#CALC!,#CALC!,#CALC!,#CALC!,#CALC!,#CALC!,#CALC!,#CALC!,#CALC!,#CALC!,#CALC!,#CALC!,#CALC!,#CALC!,#CALC!,#CALC!,#CALC!,#CALC!,#CALC!,#CALC!,#CALC!,#CALC!,#CALC!,#CALC!,#CALC!,#CALC!,PHI,#CALC!,#CALC!,#CALC!,#CALC!,#CALC!,#CALC!,#CALC!,#CALC!,#CALC!,#CALC!,#CALC!,#CALC!,#CALC!,#CALC!,#CALC!,#CALC!,#CALC!,#CALC!
Sam Howell,#CALC!,#CALC!,#CALC!,#CALC!,#CALC!,#CALC!,#CALC!,#CALC!,#CALC!,#CALC!,#CALC!,#CALC!,#CALC!,#CALC!,#CALC!,#CALC!,#CALC!,#CALC!,#CALC!,#CALC!,#CALC!,#CALC!,#CALC!,#CALC!,#CALC!,#CALC!,#CALC!,#CALC!,#CALC!,#CALC!,#CALC!,#CALC!,#CALC!,#CALC!,#CALC!,#CALC!,#CALC!,#CALC!,#CALC!,#CALC!,#CALC!,#CALC!,#CALC!,#CALC!,#CALC!,#CALC!,#CALC!,#CALC!,#CALC!,#CALC!,#CALC!,#CALC!,DAL,ARI,DEN,BUF,PHI,CHI,ATL,NYG,PHI,NE,SEA,NYG,DAL,MIA,#CALC!,LAR,NYJ,SF,DAL
Nathan Peterman,#CALC!,#CALC!,#CALC!,#CALC!,#CALC!,#CALC!,#CALC!,#CALC!,#CALC!,#CALC!,#CALC!,#CALC!,#CALC!,#CALC!,#CALC!,#CALC!,#CALC!,#CALC!,#CALC!,#CALC!,#CALC!,#CALC!,#CALC!,#CALC!,#CALC!,#CALC!,#CALC!,#CALC!,#CALC!,#CALC!,#CALC!,#CALC!,#CALC!,#CALC!,#CALC!,#CALC!,#CALC!,#CALC!,#CALC!,#CALC!,#CALC!,#CALC!,#CALC!,#CALC!,#CALC!,#CALC!,#CALC!,#CALC!,#CALC!,#CALC!,#CALC!,#CALC!,MIN,#CALC!,#CALC!,#CALC!,#CALC!,#CALC!,#CALC!,#CALC!,#CALC!,#CALC!,#CALC!,#CALC!,#CALC!,#CALC!,#CALC!,#CALC!,#CALC!,#CALC!,#CALC!
Anthony Brown,#CALC!,#CALC!,#CALC!,#CALC!,#CALC!,#CALC!,#CALC!,#CALC!,#CALC!,#CALC!,#CALC!,#CALC!,#CALC!,#CALC!,#CALC!,#CALC!,#CALC!,#CALC!,#CALC!,#CALC!,#CALC!,#CALC!,#CALC!,#CALC!,#CALC!,#CALC!,#CALC!,#CALC!,#CALC!,#CALC!,#CALC!,#CALC!,#CALC!,#CALC!,#CALC!,#CALC!,#CALC!,#CALC!,#CALC!,#CALC!,#CALC!,#CALC!,#CALC!,#CALC!,#CALC!,#CALC!,#CALC!,#CALC!,#CALC!,#CALC!,#CALC!,#CALC!,CIN,#CALC!,#CALC!,#CALC!,#CALC!,#CALC!,#CALC!,#CALC!,#CALC!,#CALC!,#CALC!,#CALC!,#CALC!,#CALC!,#CALC!,#CALC!,#CALC!,#CALC!,#CALC!
C.J. Stroud,#CALC!,#CALC!,#CALC!,#CALC!,#CALC!,#CALC!,#CALC!,#CALC!,#CALC!,#CALC!,#CALC!,#CALC!,#CALC!,#CALC!,#CALC!,#CALC!,#CALC!,#CALC!,#CALC!,#CALC!,#CALC!,#CALC!,#CALC!,#CALC!,#CALC!,#CALC!,#CALC!,#CALC!,#CALC!,#CALC!,#CALC!,#CALC!,#CALC!,#CALC!,#CALC!,#CALC!,#CALC!,#CALC!,#CALC!,#CALC!,#CALC!,#CALC!,#CALC!,#CALC!,#CALC!,#CALC!,#CALC!,#CALC!,#CALC!,#CALC!,#CALC!,#CALC!,#CALC!,BAL,IND,JAX,PIT,ATL,NO,#CALC!,CAR,TB,CIN,ARI,JAX,DEN,NYJ,#CALC!,#CALC!,TEN,IND
Anthony Richardson,#CALC!,#CALC!,#CALC!,#CALC!,#CALC!,#CALC!,#CALC!,#CALC!,#CALC!,#CALC!,#CALC!,#CALC!,#CALC!,#CALC!,#CALC!,#CALC!,#CALC!,#CALC!,#CALC!,#CALC!,#CALC!,#CALC!,#CALC!,#CALC!,#CALC!,#CALC!,#CALC!,#CALC!,#CALC!,#CALC!,#CALC!,#CALC!,#CALC!,#CALC!,#CALC!,#CALC!,#CALC!,#CALC!,#CALC!,#CALC!,#CALC!,#CALC!,#CALC!,#CALC!,#CALC!,#CALC!,#CALC!,#CALC!,#CALC!,#CALC!,#CALC!,#CALC!,#CALC!,JAX,#CALC!,#CALC!,LAR,#CALC!,#CALC!,#CALC!,#CALC!,#CALC!,#CALC!,#CALC!,#CALC!,#CALC!,#CALC!,#CALC!,#CALC!,#CALC!,#CALC!
Bryce Young,#CALC!,#CALC!,#CALC!,#CALC!,#CALC!,#CALC!,#CALC!,#CALC!,#CALC!,#CALC!,#CALC!,#CALC!,#CALC!,#CALC!,#CALC!,#CALC!,#CALC!,#CALC!,#CALC!,#CALC!,#CALC!,#CALC!,#CALC!,#CALC!,#CALC!,#CALC!,#CALC!,#CALC!,#CALC!,#CALC!,#CALC!,#CALC!,#CALC!,#CALC!,#CALC!,#CALC!,#CALC!,#CALC!,#CALC!,#CALC!,#CALC!,#CALC!,#CALC!,#CALC!,#CALC!,#CALC!,#CALC!,#CALC!,#CALC!,#CALC!,#CALC!,#CALC!,#CALC!,ATL,NO,#CALC!,MIN,DET,MIA,#CALC!,HOU,IND,CHI,DAL,TEN,TB,NO,ATL,GB,JAX,TB
Dorian Thompson-Robinson,#CALC!,#CALC!,#CALC!,#CALC!,#CALC!,#CALC!,#CALC!,#CALC!,#CALC!,#CALC!,#CALC!,#CALC!,#CALC!,#CALC!,#CALC!,#CALC!,#CALC!,#CALC!,#CALC!,#CALC!,#CALC!,#CALC!,#CALC!,#CALC!,#CALC!,#CALC!,#CALC!,#CALC!,#CALC!,#CALC!,#CALC!,#CALC!,#CALC!,#CALC!,#CALC!,#CALC!,#CALC!,#CALC!,#CALC!,#CALC!,#CALC!,#CALC!,#CALC!,#CALC!,#CALC!,#CALC!,#CALC!,#CALC!,#CALC!,#CALC!,#CALC!,#CALC!,#CALC!,#CALC!,#CALC!,#CALC!,BAL,#CALC!,#CALC!,#CALC!,#CALC!,#CALC!,#CALC!,PIT,DEN,#CALC!,#CALC!,#CALC!,#CALC!,#CALC!,#CALC!
Aidan O'Connell,#CALC!,#CALC!,#CALC!,#CALC!,#CALC!,#CALC!,#CALC!,#CALC!,#CALC!,#CALC!,#CALC!,#CALC!,#CALC!,#CALC!,#CALC!,#CALC!,#CALC!,#CALC!,#CALC!,#CALC!,#CALC!,#CALC!,#CALC!,#CALC!,#CALC!,#CALC!,#CALC!,#CALC!,#CALC!,#CALC!,#CALC!,#CALC!,#CALC!,#CALC!,#CALC!,#CALC!,#CALC!,#CALC!,#CALC!,#CALC!,#CALC!,#CALC!,#CALC!,#CALC!,#CALC!,#CALC!,#CALC!,#CALC!,#CALC!,#CALC!,#CALC!,#CALC!,#CALC!,#CALC!,#CALC!,#CALC!,LAC,#CALC!,#CALC!,#CALC!,#CALC!,NYG,NYJ,MIA,KC,#CALC!,MIN,LAC,KC,IND,DEN
Tyson Bagent,#CALC!,#CALC!,#CALC!,#CALC!,#CALC!,#CALC!,#CALC!,#CALC!,#CALC!,#CALC!,#CALC!,#CALC!,#CALC!,#CALC!,#CALC!,#CALC!,#CALC!,#CALC!,#CALC!,#CALC!,#CALC!,#CALC!,#CALC!,#CALC!,#CALC!,#CALC!,#CALC!,#CALC!,#CALC!,#CALC!,#CALC!,#CALC!,#CALC!,#CALC!,#CALC!,#CALC!,#CALC!,#CALC!,#CALC!,#CALC!,#CALC!,#CALC!,#CALC!,#CALC!,#CALC!,#CALC!,#CALC!,#CALC!,#CALC!,#CALC!,#CALC!,#CALC!,#CALC!,#CALC!,#CALC!,#CALC!,#CALC!,#CALC!,#CALC!,LV,LAC,NO,CAR,#CALC!,#CALC!,#CALC!,#CALC!,#CALC!,#CALC!,#CALC!,#CALC!
Will Levis,#CALC!,#CALC!,#CALC!,#CALC!,#CALC!,#CALC!,#CALC!,#CALC!,#CALC!,#CALC!,#CALC!,#CALC!,#CALC!,#CALC!,#CALC!,#CALC!,#CALC!,#CALC!,#CALC!,#CALC!,#CALC!,#CALC!,#CALC!,#CALC!,#CALC!,#CALC!,#CALC!,#CALC!,#CALC!,#CALC!,#CALC!,#CALC!,#CALC!,#CALC!,#CALC!,#CALC!,#CALC!,#CALC!,#CALC!,#CALC!,#CALC!,#CALC!,#CALC!,#CALC!,#CALC!,#CALC!,#CALC!,#CALC!,#CALC!,#CALC!,#CALC!,#CALC!,#CALC!,#CALC!,#CALC!,#CALC!,#CALC!,#CALC!,#CALC!,#CALC!,ATL,PIT,TB,JAX,CAR,IND,MIA,HOU,#CALC!,#CALC!,#CALC!
Tommy DeVito,#CALC!,#CALC!,#CALC!,#CALC!,#CALC!,#CALC!,#CALC!,#CALC!,#CALC!,#CALC!,#CALC!,#CALC!,#CALC!,#CALC!,#CALC!,#CALC!,#CALC!,#CALC!,#CALC!,#CALC!,#CALC!,#CALC!,#CALC!,#CALC!,#CALC!,#CALC!,#CALC!,#CALC!,#CALC!,#CALC!,#CALC!,#CALC!,#CALC!,#CALC!,#CALC!,#CALC!,#CALC!,#CALC!,#CALC!,#CALC!,#CALC!,#CALC!,#CALC!,#CALC!,#CALC!,#CALC!,#CALC!,#CALC!,#CALC!,#CALC!,#CALC!,#CALC!,#CALC!,#CALC!,#CALC!,#CALC!,#CALC!,#CALC!,#CALC!,#CALC!,#CALC!,LV,DAL,WSH,NE,#CALC!,GB,NO,#CALC!,#CALC!,#CALC!
Clayton Tune,#CALC!,#CALC!,#CALC!,#CALC!,#CALC!,#CALC!,#CALC!,#CALC!,#CALC!,#CALC!,#CALC!,#CALC!,#CALC!,#CALC!,#CALC!,#CALC!,#CALC!,#CALC!,#CALC!,#CALC!,#CALC!,#CALC!,#CALC!,#CALC!,#CALC!,#CALC!,#CALC!,#CALC!,#CALC!,#CALC!,#CALC!,#CALC!,#CALC!,#CALC!,#CALC!,#CALC!,#CALC!,#CALC!,#CALC!,#CALC!,#CALC!,#CALC!,#CALC!,#CALC!,#CALC!,#CALC!,#CALC!,#CALC!,#CALC!,#CALC!,#CALC!,#CALC!,#CALC!,#CALC!,#CALC!,#CALC!,#CALC!,#CALC!,#CALC!,#CALC!,#CALC!,CLE,#CALC!,#CALC!,#CALC!,#CALC!,#CALC!,#CALC!,#CALC!,#CALC!,#CALC!
Jake Browning,#CALC!,#CALC!,#CALC!,#CALC!,#CALC!,#CALC!,#CALC!,#CALC!,#CALC!,#CALC!,#CALC!,#CALC!,#CALC!,#CALC!,#CALC!,#CALC!,#CALC!,#CALC!,#CALC!,#CALC!,#CALC!,#CALC!,#CALC!,#CALC!,#CALC!,#CALC!,#CALC!,#CALC!,#CALC!,#CALC!,#CALC!,#CALC!,#CALC!,#CALC!,#CALC!,#CALC!,#CALC!,#CALC!,#CALC!,#CALC!,#CALC!,#CALC!,#CALC!,#CALC!,#CALC!,#CALC!,#CALC!,#CALC!,#CALC!,#CALC!,#CALC!,#CALC!,#CALC!,#CALC!,#CALC!,#CALC!,#CALC!,#CALC!,#CALC!,#CALC!,#CALC!,#CALC!,#CALC!,BAL,PIT,JAX,IND,MIN,PIT,KC,CLE
Easton Stick,#CALC!,#CALC!,#CALC!,#CALC!,#CALC!,#CALC!,#CALC!,#CALC!,#CALC!,#CALC!,#CALC!,#CALC!,#CALC!,#CALC!,#CALC!,#CALC!,#CALC!,#CALC!,#CALC!,#CALC!,#CALC!,#CALC!,#CALC!,#CALC!,#CALC!,#CALC!,#CALC!,#CALC!,#CALC!,#CALC!,#CALC!,#CALC!,#CALC!,#CALC!,#CALC!,#CALC!,#CALC!,#CALC!,#CALC!,#CALC!,#CALC!,#CALC!,#CALC!,#CALC!,#CALC!,#CALC!,#CALC!,#CALC!,#CALC!,#CALC!,#CALC!,#CALC!,#CALC!,#CALC!,#CALC!,#CALC!,#CALC!,#CALC!,#CALC!,#CALC!,#CALC!,#CALC!,#CALC!,#CALC!,#CALC!,#CALC!,DEN,LV,BUF,DEN,KC
