Player,Pos,Team,1,week_1_opp,2,week_2_opp,3,week_3_opp,4,week_4_opp,5,week_5_opp,6,week_6_opp,7,week_7_opp,8,week_8_opp,9,week_9_opp,10,week_10_opp,11,week_11_opp,12,week_12_opp,13,week_13_opp,14,week_14_opp,15,week_15_opp,16,week_16_opp,17,week_17_opp,2020AVG,2020TTL,18,week_18_opp,19,week_19_opp,20,week_20_opp,21,week_21_opp,22,week_22_opp,23,week_23_opp,24,week_24_opp,25,week_25_opp,26,week_26_opp,27,week_27_opp,28,week_28_opp,29,week_29_opp,30,week_30_opp,31,week_31_opp,32,week_32_opp,33,week_33_opp,34,week_34_opp,35,week_35_opp,2021AVG,2021TTL,36,week_36_opp,37,week_37_opp,38,week_38_opp,39,week_39_opp,40,week_40_opp,41,week_41_opp,42,week_42_opp,43,week_43_opp,44,week_44_opp,45,week_45_opp,46,week_46_opp,47,week_47_opp,48,week_48_opp,49,week_49_opp,50,week_50_opp,51,week_51_opp,52,week_52_opp,53,week_53_opp,2022AVG,2022TTL,54,week_54_opp,55,week_55_opp,56,week_56_opp,57,week_57_opp,58,week_58_opp,59,week_59_opp,60,week_60_opp,61,week_61_opp,62,week_62_opp,63,week_63_opp,64,week_64_opp,65,week_65_opp,66,week_66_opp,67,week_67_opp,68,week_68_opp,69,week_69_opp,70,week_70_opp,71,week_71_opp,2023AVG,2023TTL,week_72_opp
AJ McCarron,QB,FA,,,,,,,,,,,,,,,,,,,,,,,,,,,0.0,,,,,,0.8,,0.4,0.8,,,,,,,,,,,,,,,,,,,,,,,,,,,,,,,,,,,,,,,,,,,,,,,,,,,,,,,,,,,,,,,,,,,,,,,,,,,,,,,,,,,,,,,,,,,,,,,,,,,,,,,0.0,,,,,,,,0.8,,0.4,0.8,
Aaron Rodgers,QB,NYJ,30.8,MIN,18.2,LAR,24.5,TB,29.6,ATL,,,5.8,TB,27.3,HOU,22.5,MIN,28.9,SF,26.4,JAX,22.7,IND,25.6,CHI,23.5,PHI,30.9,DET,18.3,CAR,26.1,TEN,26,CHI,24.2,387.3,3.3,,26.8,NO,18.0,SF,24.1,SF,20.8,PIT,23.7,CIN,24.7,CHI,15.7,WSH,,ARI,11.5,,33.5,SEA,26.3,MIN,,LAR,29.6,,23.8,CHI,20.0,BAL,20.3,CLE,14.2,MIN,21.0,336.3,4.7,DET,16.4,MIN,17.1,CHI,17.1,TB,16.9,NE,11.8,NYG,15.8,NYJ,16.2,WSH,16.6,BUF,19.4,DET,19.1,DAL,11.5,TEN,13.7,PHI,,CHI,11.9,,14.3,LAR,16.6,MIA,12.2,MIN,14.8,251.2,0.0,DET,,,,,,,,,,,,,,,,,,,,,,,,,,,,,,,,,,,0.0,0.0,
Aidan O'Connell,QB,LV,,,,,,,,,,,,,,,,,,,,,,,,,,,,,,,,,,,,,,,,,,,,,,,,,,,,,,,,,,,,,,,,,,,,,,,,,,,,,,,,,,,,,,,,,,,,,,,,,,,,,,,,,,,,,,,,,,,,,,,10.8,,,LAC,,,6.0,,,,8.4,,9.4,NYG,12.1,NYJ,13.9,MIA,,KC,6.0,,25.9,MIN,2.1,LAC,20.3,KC,17.9,IND,12.1,132.8,DEN
Alex Smith,QB,FA,,,,,,,,,1.6,LAR,,,,,,,14.0,NYG,16.0,DET,9.3,CIN,9.1,DAL,15.8,PIT,1.3,SF,,,,,12.5,PHI,9.9,79.6,,,,,,,,,,,,,,,,,,,,,,,,,,,,,,,,,,,,,,,,,,,,,,,,,,,,,,,,,,,,,,,,,,,,,,,,,,,,,,,,,,,,,,,,,,,,,,,,,,,,,,,,,,,,,,,,,,,
Andy Dalton,QB,CAR,,,0.0,,,,,,2.4,,13.0,ARI,3.6,WSH,,,,,,,19.3,MIN,13.3,WSH,18.6,BAL,15.3,CIN,17.2,SF,27.6,PHI,13.6,NYG,13.1,143.9,6.5,,8.7,LAR,,,,,0.3,,,,,,,,,,,,16.0,,16.8,BAL,15.8,DET,,ARI,,,,,11.3,,17.7,NYG,11.7,93.2,,MIN,,,,,13.7,,10.9,MIN,10.5,SEA,29.5,CIN,17.2,ARI,11.9,LV,9.1,BAL,22.2,PIT,10.3,LAR,13.3,SF,,TB,14.1,,2.6,ATL,7.0,,11.0,PHI,13.1,183.2,,CAR,,,23.5,,,SEA,0.1,,,,,,,,,,,,,,,,,,,,,,,,,,,,11.8,23.6,
Anthony Brown Jr.,QB,LV,,,,,,,,,,,,,,,,,,,,,,,,,,,,,,,,,,,,,,,,,,,,,,,,,,,,,,,,,,,,,,,,,,,,,,,,,,,,,,,,,,,,,,,,,,,,,,,,,,,,,0.1,,,,,,,,7.4,,3.8,7.6,,,,,,,,,,,,,,,,,,,,,,,,,,,,,,,,,,,,,,,
Anthony Richardson,QB,IND,,,,,,,,,,,,,,,,,,,,,,,,,,,,,,,,,,,,,,,,,,,,,,,,,,,,,,,,,,,,,,,,,,,,,,,,,,,,,,,,,,,,,,,,,,,,,,,,,,,,,,,,,,,,,,,,,21.9,,17.7,JAX,,,29.6,,4.4,LAR,,,,,,,,,,,,,,,,,,,,,,,,,,,18.4,73.7,
Bailey Zappe,QB,NE,,,,,,,,,,,,,,,,,,,,,,,,,,,,,,,,,,,,,,,,,,,,,,,,,,,,,,,,,,,,,,,,,,,,,,,,,,,,,,,,,6.0,,11.0,GB,17.4,DET,7.3,CLE,,CHI,,,,,,,,,,,,,,,,,,,,,10.4,41.6,,,,,,,2.3,,0.9,,,,,,,,,,0.0,,,,1.2,,7.2,,21.9,LAC,10.4,PIT,16.4,KC,15.1,DEN,2.8,BUF,7.8,78.2,NYJ
Baker Mayfield,QB,TB,10.9,PIT,16.3,KC,14.3,WSH,15.2,DAL,17.6,IND,7.3,PIT,30.8,CIN,7.8,LV,,,5.4,HOU,7.1,PHI,18.4,JAX,28.5,TEN,31.0,BAL,21.0,NYG,8.0,NYJ,16.2,PIT,16.0,255.6,13.6,,18.5,KC,16.9,HOU,9.3,CHI,23.0,MIN,13.2,LAC,,ARI,9.5,,16.7,PIT,5.9,CIN,9.9,NE,12.3,DET,,BAL,16.0,,,BAL,14.0,,15.0,GB,,PIT,13.9,193.9,19.0,,13.3,CLE,10.7,NYG,7.9,NO,7.6,ARI,,SF,,,,,14.2,,,CIN,7.0,,,BAL,,,14.2,,7.5,LV,17.4,GB,4.1,DEN,6.5,LAC,10.8,129.4,16.0,SEA,18.4,MIN,11.0,CHI,23.9,PHI,,NO,7.8,,17.2,DET,21.4,ATL,19.0,BUF,19.3,HOU,11.3,TEN,14.4,SF,10.9,IND,20.1,CAR,29.0,ATL,19.8,GB,18.3,JAX,6.2,NO,16.7,284.1,CAR
Ben DiNucci,QB,DEN,,,,,,,,,,,0.0,,1.6,,5.4,PHI,,,,,,,,,,,,,,,,,-,,2.3,7.0,,,,,,,,,,,,,,,,,,,,,,,,,,,,,,,,,,,,,,,,,,,,,,,,,,,,,,,,,,,,,,,,,,,,,,,,,,,,,,,,,,,,,,,,,,,,,,,,,,,,,,,,,,,,,,,,,,,
Ben Roethlisberger,QB,FA,22.1,CLE,19.2,DEN,19.2,HOU,,,21.4,PHI,11.0,CLE,15.6,TEN,15.3,BAL,25.0,DAL,29.3,CIN,17.7,JAX,13.5,BAL,19.2,WSH,15.5,BUF,7.7,CIN,25.5,IND,-,,18.5,277.2,12.0,,14.8,KC,15.2,LV,10.3,CIN,16.0,GB,10.9,DEN,,SEA,14.6,,16.2,CLE,,CHI,22.9,,10.5,LAC,19.3,CIN,25.8,BAL,11.9,MIN,7.4,TEN,7.8,KC,12.4,CLE,14.3,228.1,,BAL,,,,,,,,,,,,,,,,,,,,,,,,,,,,,,,,,,,,,,,,,,,,,,,,,,,,,,,,,,,,,,,,,,,,,,,,,,,
Blaine Gabbert,QB,KC,,,,,,,,,,,0.2,,,,,,-0.1,,0.0,,,,,,,,,,,,15.2,DET,-,,3.8,15.3,,,-0.3,,,,,,1.5,,,,0.6,,,,,,,,0.2,,,,,,,,,,0.0,,,,-0.1,,0.3,2.0,,,,,,,,,,,,,,,,,,,,,,,,,,,,,,,,,,,5.2,,5.2,5.2,,,,,-0.9,,,,,,,,,,,,,,,,,,,,,,,,,,,,,,9.8,,4.5,8.9,LAC
Brandon Allen,QB,SF,,,,,,,,,,,,,,,,,,,,,,,7.1,NYG,9.4,MIA,13.9,DAL,,,23.1,HOU,0.1,BAL,10.7,53.7,,,,,,,,,,,4.0,,,,,,0.2,,,,,,-0.1,,,,,,,,,,0.0,,9.7,,2.8,13.9,,CLE,,,,,,,,,,,,,,,0.8,,,,,,,,,,,,,,,,,,,,0.8,0.8,,,,,,,,,,,,,,,,,,,,,,,,,,,,,,,,,,,,,,,
Brett Rypien,QB,CHI,,,,,1.1,,14.2,NYJ,,,,,0.0,,,,,,,,,,,,,,,,,,,,-,,5.1,15.3,,,,,,,,,,,,,,,,,,,,,,,,,,,,,,,,,0.0,,,,0.0,0.0,,,,,,,,,,,,,8.9,,,NYJ,,,,,,,,,,,3.6,,8.7,,0.8,ARI,,,,,5.5,22.0,,,,,,,,,,,,,,,1.7,,4.1,,,GB,,,,,,,,,,,,,,,,,2.9,5.8,
Brian Hoyer,QB,FA,,,,,,,3.0,KC,,,,,,,,,,,,,,,,,,,,,,,,,-,,3.0,3.0,,,,,,,,,,,,,2.9,,,,-0.3,,7.2,,,,-0.1,,,,,,,,,,2.6,,,,2.5,12.3,,,,,,,1.5,,,,,,,,,,,,,,,,,,,,,,,,,,,,,,1.5,1.5,,,,,,,,,,,3.8,,3.2,,,CHI,,,,,,,,,,,,,,,,,,,,,3.5,6.9,
Brock Purdy,QB,SF,,,,,,,,,,,,,,,,,,,,,,,,,,,,,,,,,,,,,,,,,,,,,,,,,,,,,,,,,,,,,,,,,,,,,,,,,,,,,,SEA,,DAL,,,-0.1,,,,1.7,,,,,,,,0.3,,,,15.3,,21.7,MIA,16.5,TB,17.0,SEA,18.1,WSH,19.8,LV,12.3,110.3,16.8,ARI,14.7,PIT,20.3,LAR,21.3,NYG,26.1,ARI,8.7,DAL,14.8,CLE,20.3,MIN,,CIN,23.8,,26.7,JAX,11.5,TB,29.5,SEA,22.4,PHI,25.7,SEA,6.4,ARI,17.6,BAL,,WSH,19.2,306.6,
Bryce Perkins,QB,FA,,,,,,,,,,,,,,,,,,,,,,,,,,,,,,,,,,,,,,,,,,,,,,,,,,,,,,,,,,,,,,,,,,,,,,,,,,,,,,,,,,,,,,,,,,,,,0.3,,6.5,,10.4,,0.5,KC,,,,,-0.2,,,,,,3.5,17.4,,,,,,,,,,,,,,,,,,,,,,,,,,,,,,,,,,,,,,,
Bryce Young,QB,CAR,,,,,,,,,,,,,,,,,,,,,,,,,,,,,,,,,,,,,,,,,,,,,,,,,,,,,,,,,,,,,,,,,,,,,,,,,,,,,,,,,,,,,,,,,,,,,,,,,,,,,,,,,,,,,,,,,9.5,,13.5,ATL,,NO,7.2,,20.3,MIN,12.7,DET,,MIA,14.5,,12.0,HOU,9.2,IND,6.2,CHI,8.1,DAL,8.1,TEN,7.5,TB,7.6,NO,22.2,ATL,3.7,GB,4.2,JAX,10.4,166.4,TB
C.J. Beathard,QB,JAC,,,,,,,5.5,PHI,5.8,MIA,,,,,,,,,0.0,,,,,,,,,,8.0,,19.1,ARI,13.9,SEA,8.7,52.3,,,,,,,,,,,,,,,,,1.3,,,,,,,,0.2,,,,,,,,,,,,0.8,1.5,,,,,-0.1,,,,,,,,,,,,,,,,,,,,0.2,,,,,,-0.3,,0.2,,,,0.0,0.0,,,,,0.4,,,,,,-0.2,,,,,,,,0.2,,0.0,,,,3.2,,,,,,8.4,,9.5,,0.0,CAR,2.7,21.5,
C.J. Stroud,QB,HOU,,,,,,,,,,,,,,,,,,,,,,,,,,,,,,,,,,,,,,,,,,,,,,,,,,,,,,,,,,,,,,,,,,,,,,,,,,,,,,,,,,,,,,,,,,,,,,,,,,,,,,,,,,,,,,,,,9.7,,21.5,BAL,20.6,IND,21.8,JAX,14.2,PIT,15.2,ATL,,NO,12.9,,41.8,CAR,20.0,TB,18.3,CIN,30.9,ARI,16.1,JAX,3.6,DEN,,NYJ,,,12.9,,20.6,TEN,18.7,280.0,IND
Cam Newton,QB,FA,25.7,MIA,35.6,SEA,12.2,LV,,,,,19.5,DEN,2.8,SF,18.4,BUF,24.6,NYJ,16.8,BAL,19.2,HOU,6.0,ARI,23.6,LAC,5.4,LAR,12.2,MIA,9.8,,37.5,NYJ,17.9,269.0,,,,,,,,,,,,,,,,,,,11.7,,26.2,,8.2,WSH,,MIA,14.8,,24.3,ATL,5.6,BUF,0.5,TB,0.0,,11.4,91.4,,,,,,,,,,,,,,,,,,,,,,,,,,,,,,,,,,,,,,,,,,,,,,,,,,,,,,,,,,,,,,,,,,,,,,,,,,,,,
Carson Wentz,QB,KC,15.0,WSH,14.4,LAR,23.5,CIN,22.4,SF,19.4,PIT,29.4,BAL,28.8,NYG,10.6,DAL,,,8.7,NYG,16.4,CLE,19.8,SEA,5.0,GB,,,,,,,-,,17.8,213.4,18.3,,18.6,SEA,7.8,LAR,17.9,TEN,22.6,MIA,17.0,BAL,20.3,HOU,20.3,SF,24.2,TEN,7.1,NYJ,10.0,JAX,22.3,BUF,11.1,TB,,HOU,7.0,,17.4,,10.9,ARI,12.1,LV,15.6,265.0,29.7,JAX,28.8,JAX,8.6,DET,9.3,PHI,22.9,DAL,4.2,TEN,,CHI,,,,,,,,,,,,,,,,,8.9,,9.4,,,CLE,15.2,121.8,,,,,,,,,,,,,,,,,,,,,,,0.0,,,,,,,,,,,,27.1,,13.6,27.1,SF
Case Keenum,QB,HOU,,,,,,,,,,,1.8,,,,,,,,,,,,,,,,,,,,0.0,,-,,0.9,1.8,,,,,0.0,,,,,,0.2,,12.7,,,DEN,,,3.2,,,,,,,,,,,,,,,,13.5,,5.9,29.7,,CIN,0.2,,,,,,0.1,,,,,,,,,,,,,,,,,,,,,,,,,,,,0.2,0.3,,,,,,,,,,,,,,,,,,,,,,,,,,,,,12.3,,0.5,TEN,,CLE,,,6.4,12.7,
Chad Henne,QB,FA,,,,,,,,,,,,,6.3,,0.7,,,,,,,,,,,,,,,,,,16.7,LAC,7.9,23.7,,,,,,,,,,,,,3.7,,,,,,-0.2,,,,,,,,-0.2,,,,0.0,,,,,,0.8,3.3,0.0,,,,,,,,,,,,-0.3,,,,,,,,,,,,,,,,,,,,,,-0.2,,-0.2,-0.5,,,,,,,,,,,,,,,,,,,,,,,,,,,,,,,,,,,,,,,
Chase Daniel,QB,FA,,,,,,,,,,,,,,,,,7.3,,,,,,,,,,1.2,,2.3,,3.4,TB,-,,3.5,14.2,,,,,,,,,,,,,,,,,,,,,,,,,,,-0.2,,,,,,,,,,-0.2,-0.2,,,,,,,,,,,,,,,,,,,0.0,,,,,,,,,,,,,,1.1,,7.4,,2.8,8.5,,,,,,,,,,,,,,,,,,,,,,,,,,,,,,,,,,,,,,,
Chris Oladokun,QB,KC,,,,,,,,,,,,,,,,,,,,,,,,,,,,,,,,,,,,,,,,,,,,,,,,,,,,,,,,,,,,,,,,,,,,,,,,,,,,,,,,,,,,,,,,,,,,,,,,,,,,,,,,,,,,,,,,,,,,,,,,,,,0.0,,,,0.0,,,,,,,,,,,,,,,,,,,,,,0.0,0.0,
Chris Streveler,QB,FA,0.3,,0.0,,0.0,,,,,,,,,,,,,,,,0.0,,,,,,,,,,,,8.4,LAR,1.7,8.7,,,,,,,,,,,,,,,,,0.2,,1.8,,,,,,,,,,,,,,,,,,1.0,2.0,,,,,,,,,,,,,,,,,,,,,,,,,,,,,,,9.0,,,JAX,,,9.0,9.0,,,,,,,,,,,,,,,,,,,,,,,,,,,,,,,,,,,,,,,
Clayton Tune,QB,ARI,,,,,,,,,,,,,,,,,,,,,,,,,,,,,,,,,,,,,,,,,,,,,,,,,,,,,,,,,,,,,,,,,,,,,,,,,,,,,,,,,,,,,,,,,,,,,,,,,,,,,,,,,,,,,,,,,0.0,,,,,,,,,,,,0.2,,,,1.1,,6.1,CLE,,,2.0,,,,,,0.0,,,,0.0,,0.1,,1.2,9.5,
Colt McCoy,QB,FA,,,,,,,,,,,,,,,,,,,,,,,1.9,,9.4,SEA,-1.3,,9.1,CLE,,,-,,4.8,19.2,,,,,,,-0.2,,,,-0.3,,-0.1,,,,16.3,,1.2,SF,22.9,CAR,,SEA,,,0.0,,2.5,,,,,,,,5.3,42.3,,,,,,,,,,,,,,,,,,,13.9,,8.3,LAR,,SF,,,11.2,,2.3,NE,,DEN,,,,,9.0,35.8,,,,,,,,,,,,,,,,,,,,,,,,,,,,,,,,,,,,,,,
Cooper Rush,QB,DAL,,,,,,,,,,,,,,,,,,,,,,,,,,,,,,,,,,,,,,,,,,,,,,,,,,,18.2,,,MIN,0.1,,,,,,,,,,,,6.8,,,,0.0,,6.3,25.1,2.6,,13.6,,12.4,CIN,17.6,NYG,4.0,WSH,8.2,LAR,,PHI,,,,,,,1.2,,,,,,,,,,,,,,0.0,,7.5,59.6,0.0,,0.0,,,,0.6,,0.1,,,,,,-0.2,,,,2.2,,0.3,,,,,,,,,,,,,,1.2,,0.5,4.3,
Dak Prescott,QB,DAL,17.6,LAR,39.8,ATL,29.5,SEA,38.3,CLE,13.4,NYG,,,,,,,,,,,,,,,,,,,,,,,-,,27.7,138.6,28.4,,8.5,SF,20.1,LAC,27.0,PHI,21.7,CAR,27.8,NYG,,NE,,,19.9,,26.3,DEN,4.6,ATL,25.3,KC,12.2,LV,11.9,NO,10.6,WSH,31.3,NYG,23.0,WSH,31.8,ARI,20.7,330.6,5.5,PHI,,TB,,SF,,,,,,,12.3,,26.4,DET,,CHI,21.2,,20.6,GB,16.8,MIN,17.8,NYG,15.7,IND,22.2,HOU,29.0,JAX,16.4,PHI,9.7,TEN,17.8,213.6,6.3,WSH,19.6,NYG,15.4,NYJ,14.3,ARI,7.3,NE,24.9,SF,,LAC,29.1,,28.4,LAR,38.9,PHI,16.2,NYG,32.2,CAR,28.3,WSH,17.9,SEA,7.1,PHI,18.6,BUF,21.3,MIA,26.2,DET,20.7,351.8,WSH
Daniel Jones,QB,NYG,19.4,PIT,8.7,CHI,9.1,SF,11.1,LAR,8.2,DAL,14.9,WSH,21.7,PHI,18.2,TB,12.9,WSH,22.2,PHI,,,10.4,CIN,,,3.1,ARI,,,14.4,BAL,15.9,DAL,13.6,190.0,21.4,,29.5,DEN,16.5,WSH,27.8,ATL,4.8,NO,7.1,,16.5,LAR,17.1,CAR,8.1,KC,,LV,9.7,,15.1,TB,,PHI,,,,,,,,,,,15.8,173.5,17.0,,13.1,MIN,14.7,PHI,21.6,DAL,12.4,CHI,13.5,GB,28.8,BAL,9.0,JAX,,SEA,18.3,,26.6,HOU,14.5,DET,17.1,DAL,19.4,WSH,9.9,PHI,21.8,WSH,36.2,MIN,,IND,18.4,294.0,6.5,,31.7,DAL,5.0,ARI,10.7,SF,7.2,SEA,,MIA,,,,,1.9,,,,,,,,,,,,,,,,,,,,10.5,63.0,
David Blough,QB,FA,,,,,,,,,,,,,,,,,,,,,,,,,,,,,,,2.8,,-,,2.8,2.8,,,,,,,,,,,,,,,0.6,,,,,,,,,,,,,,,,,,,,,,0.6,0.6,,,,,,,,,,,,,,,,,,,,,,,,,,,,,,,,,13.6,,7.0,ATL,10.3,20.6,,SF,,,,,,,,,,,,,,,,,,,,,,,,,,,,,,,,,,,,,
Davis Cheek,QB,FA,,,,,,,,,,,,,,,,,,,,,,,,,,,,,,,,,,,,,,,,,,,,,,,,,,,,,,,,,,,,,,,,,,,,,,,,,,,,,,,,,,,,,,,,,,,,,,,,,,,,,,,0.0,,,,,,,,0.0,0.0,,,,,,,,,,,,,,,,,,,,,,,,,,,,,,,,,,,,,,,
Davis Mills,QB,HOU,,,,,,,,,,,,,,,,,,,,,,,,,,,,,,,,,,,,,,,7.0,,10.7,CLE,-0.3,CAR,24.7,BUF,8.2,NE,3.4,IND,21.4,ARI,,LAR,,,,,,,3.1,,18.0,,15.6,SEA,18.1,JAX,9.9,LAC,27.2,SF,12.8,167.0,15.5,TEN,7.2,IND,11.8,DEN,15.8,CHI,5.8,LAC,,JAX,19.1,,9.9,LV,14.0,TEN,15.8,PHI,11.8,NYG,,WSH,,,6.2,,18.9,DAL,10.9,KC,9.4,TEN,24.5,JAX,13.1,196.5,,IND,,,,,,,,,,,,,,,,,,,0.1,,,,0.7,,0.2,,0.0,,16.9,,0.0,CLE,,,3.0,17.8,
Davis Webb,QB,FA,,,,,,,,,,,,,,,,,,,,,,,,,,,,,,,,,,,,,,,,,,,,,,,,,,,,,,,-0.3,,,,,,,,,,,,,,,,,,-0.3,-0.3,,,,,,,,,,,,,,,,,,,,,,,,,,,,,,,,,,,20.8,,20.8,20.8,,PHI,,,,,,,,,,,,,,,,,,,,,,,,,,,,,,,,,,,,,
Derek Carr,QB,NO,13.6,CAR,21.7,NO,15.4,NE,20.4,BUF,25.0,KC,,,20.3,TB,12.5,CLE,14.0,LAC,7.2,DEN,22.6,KC,1.6,ATL,32.7,NYJ,25.8,IND,2.1,,23.2,MIA,22.9,DEN,17.6,281.1,25.0,,24.2,CIN,22.2,PIT,15.4,MIA,8.2,LAC,21.5,CHI,20.0,DEN,,PHI,12.3,,19.2,NYG,9.6,KC,21.0,CIN,12.4,DAL,11.5,WSH,11.1,KC,9.5,CLE,12.2,DEN,15.3,IND,15.9,271.0,16.8,LAC,19.0,LAC,20.8,ARI,11.5,TEN,17.9,DEN,,KC,13.5,,2.9,HOU,18.4,NO,17.9,JAX,20.3,IND,22.8,DEN,17.0,SEA,4.6,LAC,20.2,LAR,9.4,NE,,PIT,,,15.5,233.1,15.6,,7.7,TEN,8.1,CAR,3.2,GB,15.7,TB,17.3,NE,18.4,HOU,18.3,JAX,16.7,IND,5.4,CHI,,MIN,11.9,,9.9,ATL,11.8,DET,20.3,CAR,26.0,NYG,15.6,LAR,27.2,TB,14.7,249.1,ATL
Deshaun Watson,QB,CLE,21.8,KC,15.7,BAL,18.1,PIT,20.9,MIN,26.9,JAX,32.0,TEN,24.2,GB,,,24.2,JAX,14.1,CLE,31.4,NE,33.1,DET,20.4,IND,16.6,CHI,23.4,IND,26.8,CIN,26.8,TEN,23.5,376.3,,,,,,,,,,,,,,,,,,,,,,,,,,,,,,,,,,,,,,,,,,,,,,,,,,,,,,,,,,,,,,,6.3,,17.3,HOU,12.6,CIN,12.8,BAL,21.9,NO,19.6,WSH,15.1,90.6,21.7,PIT,12.6,CIN,21.2,PIT,,TEN,,,,,-0.8,,,,19.0,,17.2,ARI,,BAL,,,,,,,,,,,,,,,15.1,90.8,
Desmond Ridder,QB,ARI,,,,,,,,,,,,,,,,,,,,,,,,,,,,,,,,,,,,,,,,,,,,,,,,,,,,,,,,,,,,,,,,,,,,,,,,,,,,,,,,,,,,,,,,,,,,,,,,,,,,,,,7.7,,9.5,NO,5.7,BAL,15.9,ARI,9.7,38.7,7.9,TB,22.4,CAR,6.3,GB,8.2,DET,26.2,JAX,19.1,HOU,13.8,WSH,3.4,TB,,TEN,8.7,,,,11.7,,8.8,NO,26.4,NYJ,8.9,TB,,CAR,-0.3,,16.6,,12.5,188.1,NO
Dorian Thompson-Robinson,QB,CLE,,,,,,,,,,,,,,,,,,,,,,,,,,,,,,,,,,,,,,,,,,,,,,,,,,,,,,,,,,,,,,,,,,,,,,,,,,,,,,,,,,,,,,,,,,,,,,,,,,,,,,,,,,,,,,,,,,,,,,,4.2,,,BAL,,,,,0.4,,,,,,7.6,,11.5,PIT,,DEN,0.5,,0.2,,1.7,,,,,,3.7,26.1,
Drew Brees,QB,FA,14.4,CHI,15.5,TB,23.5,GB,16.5,DET,22.1,LAC,,,23.7,CAR,19.6,CHI,22.7,TB,6.9,,,,,,,,,,20.4,KC,10.1,MIN,20,CAR,18.0,215.5,,,,,,,,,,,,,,,,,,,,,,,,,,,,,,,,,,,,,,,,,,,,,,,,,,,,,,,,,,,,,,,,,,,,,,,,,,,,,,,,,,,,,,,,,,,,,,,,,,,,,,,,,,,,,,,,,,,
Drew Lock,QB,NYG,13.1,TEN,-1.2,,,,,,,,5.5,NE,15.0,KC,20.8,LAC,30.2,ATL,11.0,LV,12.1,MIA,,,12.9,KC,25.6,CAR,11.0,BUF,16.1,LAC,24.3,LV,15.1,196.3,,,,,,,3.5,,,BAL,,,,,,,,,,,,,0.0,,,,,,5.3,,7.1,,14.9,LV,22.0,LAC,8.8,52.9,,KC,,,,,,,,,,,,,,,,,,,,,,,,,,,,,,,,,,,,,,,,,,,3.6,,,,,,,,,,,,,,-0.9,,,,,,17.3,,12.1,SF,,PHI,,,,,8.0,32.1,
Dwayne Haskins,QB,FA,12.8,PHI,11.7,ARI,12.2,CLE,18.9,BAL,,,,,,,,,,,,,,,,,,,0.8,,16.6,SEA,2.2,CAR,-,,10.7,75.2,,,,,,,,,,,,,,,,,,,,,,,,,,,,,,,,,,,,,,,,,,,,,,,,,,,,,,,,,,,,,,,,,,,,,,,,,,,,,,,,,,,,,,,,,,,,,,,,,,,,,,,,,,,,,,,,,,,
Easton Stick,QB,LAC,,,,,,,,,,,,,0.0,,,,,,,,,,,,,,,,,,,,-,,0.0,-0.0,,,,,,,,,,,,,,,,,,,,,,,,,,,,,,,,,,,,,,,,,,,,,,,,,,,,,,,,,,,,,,,,,,,,,,,,,,,,,,,,,,,,,,,,,,,,,,,,,,,,,,,5.2,,18.4,DEN,16.6,LV,11.9,BUF,16.0,DEN,13.6,68.1,KC
Feleipe Franks,QB,ATL,,,,,,,,,,,,,,,,,,,,,,,,,,,,,,,,,,,,,0.0,,,,,,0.3,,,,,,,,,,0.3,,0.0,,-1.0,,0.0,,,,,,,,,,,,,,-0.1,-0.4,,,,,,,,,0.0,,,,0.0,,0.0,,,,,,,,,,0.0,,,,0.0,,,,,,,,0.0,0.0,,,,,,,,,,,,,,,,,,,,,,,,,,,,,,,,,,,,,,,
Gardner Minshew II,QB,LV,20.8,,25.5,,10.2,,21.9,,19.8,,18.1,,19.0,,,,,,,,,,,,,,13.3,,15.9,,,,-,,18.3,164.7,,,,,,,,,,,,,,,0.4,,,,,,,,,,18.8,,,,,,,,,,15.4,,11.6,34.7,,,,,,,,,,,,,,,0.8,,,,,,,,,,0.4,,-0.1,,,,24.7,,14.0,,,,8.0,39.8,0.0,,11.1,,13.1,,,,6.3,,12.6,,28.1,,15.8,,9.6,,6.7,,,,15.6,,18.7,,15.1,,20.6,,10.1,,13.3,,8.5,,12.8,205.2,
Garrett Gilbert,QB,FA,,,,,,,,,,,,,,,,,15.5,PIT,,,,,,,,,,,,,,,0,,7.8,15.5,,,,,,,,,,,,,,,,,,,,,,,,,,,,,7.8,,,PHI,,,,,7.8,7.8,,,,,,,,,,,,,,,,,,,,,,,,,,,,,,,,,,,,,,,,,,,,,,,,,,,,,,,,,,,,,,,,,,,,,,,,,,,,,
Geno Smith,QB,SEA,,,,,,,,,,,,,,,,,,,,,,,,,,,1.1,,,,,,-,,1.1,1.1,,,,,,,,,10.5,,10.3,LAR,11.9,PIT,22.6,NO,,JAX,,,,,,,,,,,,,,,,,,,13.8,55.3,17.2,,7.1,DEN,19.9,SF,31.7,ATL,24.0,DET,12.7,NO,14.1,ARI,19.1,LAC,21.8,NYG,19.2,ARI,,TB,20.3,,24.0,LV,22.6,LAR,15.3,CAR,13.2,SF,17.1,KC,15.6,NYJ,18.5,314.9,9.1,LAR,23.1,LAR,16.4,DET,8.2,CAR,,NYG,13.0,,14.8,CIN,15.9,ARI,3.7,CLE,24.1,BAL,13.2,WSH,8.3,LAR,31.0,SF,,DAL,,,17.3,,16.9,TEN,20.4,PIT,15.7,235.3,ARI
Ian Book,QB,KC,,,,,,,,,,,,,,,,,,,,,,,,,,,,,,,,,,,,,,,,,,,,,,,,,,,,,,,,,,,,,,,,,,,4.0,,,MIA,,,4.0,4.0,,,,,,,,,,,,,,,,,,,,,,,,,,,,,,,,,,,,,,,,,,,,,,,,,,,,,,,,,,,,,,,,,,,,,,,,,,,,,
Jacob Eason,QB,NYG,,,,,,,,,,,,,,,,,,,,,,,,,,,,,,,,,,,,,,,0.0,,,,,,,,,,,,,,,,,,,,,,,,,,,,,,,,,,0.0,0.0,,,,,,,,,,,1.4,,,,,,,,,,,,,,,,,,,,,,,,,,1.4,1.4,,,,,,,,,,,,,,,,,,,,,0.0,,0.0,,,,,,,,,,,,,,0.0,0.0,
Jacoby Brissett,QB,NE,0.0,,,,0.7,,,,,,,,,,,,0.0,,6.2,,0.9,,12.3,,0.1,,-0.2,,0.2,,0.1,,0.3,,1.9,20.6,0.4,,6.6,,20.3,BUF,14.8,LV,16.0,IND,1.0,TB,,,,,10.5,,6.6,HOU,,BAL,,,,,,,0.2,,0.0,,0.0,,,,6.9,76.3,10.9,,16.5,CAR,17.9,NYJ,16.0,PIT,15.4,ATL,10.6,LAC,10.1,NE,20.3,BAL,,CIN,16.5,,25.9,MIA,14.1,BUF,,TB,0.0,,0.3,,,,0.2,,,,12.5,174.6,,,,,,,,,,,,,,,,,,,,,,,,,0.0,,,,13.9,,9.0,,,,,,7.6,22.9,
Jake Browning,QB,CIN,,,,,,,,,,,,,,,,,,,,,,,,,,,,,,,,,,,,,,,,,,,,,,,,,,,,,,,,,,,,,,,,,,,,,,,,,,,,,,,,,,,,,,,,,,,,,,,,,,,,,,,,,,,,,,,,,-0.1,,,,,,,,,,,,,,,,,,,,10.7,,13.0,BAL,25.7,PIT,24.7,JAX,20.0,IND,16.4,MIN,21.1,PIT,19.0,KC,16.7,150.4,CLE
Jake Fromm,QB,WAS,,,,,,,,,,,,,,,,,,,,,,,,,,,,,,,,,,,,,,,,,,,,,,,,,,,,,,,,,,,,,,,,,3.3,,1.2,,,PHI,9.4,,4.6,13.9,,WSH,,,,,,,,,,,,,,,,,,,,,,,,,,,,,,,,,,,,,,,,,,,,,,,,,,,,,,,,,,,,,,,,,,,,,,,,,,,
Jake Luton,QB,FA,,,,,,,,,,,,,,,,,22.5,HOU,9.8,GB,2.0,PIT,,,,,,,,,,,-,,11.4,34.3,,,,,,,,,,,,,,,,,,,,,,,,,,,,,,,,,,,,,,,,,,,,,,,,,,,,,,,,,,,,,,,,,,,,,,,,,,,,,,,,,,,,,,,,,,,,,,,,,,,,,,,,,,,,,,,,,,,
Jalen Hurts,QB,PHI,,,0.0,,0.5,,1.8,,0.7,,2.6,,0.2,,0.4,,,,-0.1,,0.6,,0.2,,10.3,GB,19.3,NO,37.8,ARI,20.6,DAL,17.3,WSH,7.5,112.1,28.8,,21.8,TB,22.5,SF,28.2,DAL,23.9,KC,26.0,CAR,23.5,TB,11.2,LV,16.7,DET,19.6,LAC,30.8,DEN,9.9,NO,,NYG,,,28.6,,16.7,WSH,13.0,NYG,,WSH,21.4,321.2,24.7,,34.0,DET,27.6,NYG,17.0,SF,27.7,KC,16.9,ARI,,DAL,28.4,,20.0,PIT,22.8,HOU,24.2,WSH,29.8,IND,34.4,GB,30.4,TEN,36.7,NYG,,CHI,,,9.5,,25.6,384.0,12.5,NYG,26.2,NE,21.9,MIN,24.2,TB,28.3,WSH,22.9,LAR,24.3,NYJ,27.4,MIA,25.9,WSH,,DAL,19.9,,35.5,KC,23.9,BUF,8.9,SF,23.9,DAL,24.4,SEA,20.2,NYG,1.6,ARI,21.9,371.8,NYG
Jameis Winston,QB,CLE,,,,,,,,,,,,,,,,,0.2,,2.3,,,,0.0,,,,,,,,,,-0.1,,0.6,2.4,29.6,,10.3,GB,13.5,CAR,13.0,NE,26.8,NYG,,WSH,16.9,,10.2,SEA,,,,,,,,,,,,,,,,,,,,,17.2,120.4,21.7,,10.6,ATL,16.6,TB,,CAR,,,,,,,,,,,,,,,,,,,,,,,,,,,,,16.3,48.9,,,,,4.0,,-1.0,,-0.4,,,,,,,,,,10.9,,,MIN,,,1.6,,-0.2,,,,,,,,0.0,,2.1,15.0,
Jared Goff,QB,DET,11.5,SEA,24.0,GB,28.2,BUF,11.7,NYG,25.4,WSH,15.9,SF,16.9,CHI,12.2,MIA,,,10.5,SEA,25.0,TB,5.0,SF,24.1,ARI,15.6,NE,16.3,NYJ,10.7,SEA,-,,16.9,253.0,29.9,,19.4,SF,9.1,GB,16.8,BAL,7.1,CHI,9.2,MIN,13.0,CIN,8.9,LAR,,PHI,4.6,,,PIT,12.8,,20.9,CHI,12.6,MIN,20.6,DEN,,ARI,,,17.5,,14.5,202.5,16.5,GB,26.0,PHI,14.9,WSH,34.2,MIN,6.9,SEA,,NE,3.5,,17.6,DAL,12.4,MIA,14.8,GB,6.5,CHI,17.6,NYG,21.6,BUF,26.1,JAX,14.1,MIN,25.7,NYJ,22.4,CAR,9.5,CHI,17.1,290.3,14.0,GB,23.9,KC,19.0,SEA,12.4,ATL,27.4,GB,22.4,CAR,10.4,TB,13.7,BAL,,LV,21.1,,16.7,LAC,18.2,CHI,16.3,GB,8.4,NO,31.1,CHI,14.3,DEN,12.8,MIN,20.8,DAL,17.8,303.1,MIN
Jaren Hall,QB,MIN,,,,,,,,,,,,,,,,,,,,,,,,,,,,,,,,,,,,,,,,,,,,,,,,,,,,,,,,,,,,,,,,,,,,,,,,,,,,,,,,,,,,,,,,,,,,,,,,,,,,,,,,,,,,,,,,,,,,,,,,,,,,,,,-1.2,,4.2,,,,,,,,,,,,,,,,0.1,,,,1.0,3.1,
Jarrett Stidham,QB,DEN,,,,,,,4.7,,,,,,1.9,,,,,,,,,,,,6.2,,1.4,,,,1.8,,-,,3.2,15.9,,,,,,,,,,,,,,,,,,,,,,,,,,,,,,,,,,,,,,,,,,,,,,,,,,,,,2.9,,,,,,,,,,,,,,,,,,28.0,,14.8,SF,15.2,45.6,,KC,,,,,,,,,,,,,,,,,,,,,,,,,,,0.0,,,,13.6,,14.1,LAC,9.2,27.6,LV
Jeff Driskel,QB,WAS,,,19.7,PIT,11.4,TB,0.9,,,,,,,,,,,,,,,,,,,,,,,,,,-,,10.7,32.1,,,,,,,,,,,,,,,,,,,,,,,,,,,,,,,,,,,,,,,0.5,,1.0,,,,,,,,,,,,,,,,,,,,,,,,9.1,,1.1,,2.2,,1.1,,1.2,,2.3,16.2,,,,,,,,,,,,,,,,,,,,,,,,,,,,,,,,,,,15.9,,15.9,15.9,CIN
Jimmy Garoppolo,QB,LAR,19.3,ARI,13.2,,,,,,1.1,MIA,23.5,LAR,9.5,NE,2.8,SEA,,,,,,,,,,,,,,,,,-,,11.6,69.3,14.8,,19.6,DAL,15.7,GB,9.6,LAR,,SEA,,,7.2,,27.3,IND,20.3,CHI,15.4,ARI,15.6,LAR,12.2,JAX,18.0,MIN,20.1,SEA,13.8,CIN,15.2,ATL,,TEN,14.7,,16.0,239.5,,LAR,16.7,,9.4,SEA,13.9,DEN,18.0,LAR,18.9,CAR,17.3,ATL,17.7,KC,,LAR,15.9,,25.4,LAC,13.3,ARI,2.2,NO,,,,,,,,,,,15.3,168.8,16.1,,9.5,DEN,20.7,BUF,,PIT,11.7,,9.9,GB,,NE,5.2,,,DET,,,,,,,,,,,,,,,,,0.0,,10.4,73.1,
Joe Burrow,QB,CIN,17.3,LAC,24.5,CLE,20.4,PHI,16.1,JAX,5.3,BAL,17.7,IND,34.6,CLE,18.9,TEN,,,12.5,PIT,11.3,WSH,,,,,,,,,,,-,,17.9,178.7,18.6,,13.3,LV,18.6,TEN,22.3,KC,20.3,LAR,23.8,GB,27.6,DET,21.3,BAL,9.4,NYJ,,CLE,9.0,,17.4,LV,18.6,PIT,22.2,LAC,12.8,SF,38.1,DEN,34.8,BAL,,KC,20.5,328.2,22.2,,16.6,BAL,23.0,BUF,20.1,KC,18.3,MIA,32.5,BAL,39.2,NO,14.5,ATL,19.1,CLE,,CAR,28.7,,18.0,PIT,30.0,TEN,17.6,KC,25.8,CLE,25.5,TB,6.3,NE,11.6,,21.7,369.0,3.2,BAL,16.4,CLE,9.2,BAL,4.7,LAR,24.4,TEN,14.8,ARI,,SEA,27.6,,22.3,SF,21.9,BUF,8.7,HOU,,BAL,,,,,,,,,,,,,15.3,153.2,
Joe Flacco,QB,IND,,,,,,,0.6,,13.8,ARI,6.4,MIA,,,,,21.5,NE,,,15.4,LAC,,,,,,,,,,,-,,11.6,57.8,,,,,,,,,,,,,,,,,,,5.9,,17.9,,,MIA,,,,,,,,,,,,,11.9,23.8,15.4,,26.9,BAL,5.4,CLE,,CIN,,,,,,,,,,,,,,,,,,,-2.0,,,,,,,,5.7,,10.3,51.3,,MIA,,,,,,,,,,,,,,,,,,,,,,,17.2,,21.3,LAR,19.9,JAX,26.8,CHI,23.7,HOU,,NYJ,21.8,108.8,
Joe Webb III,QB,FA,,,,,,,,,,,,,,,,,,,,,,,,,,,,,0.0,,0.0,,-,,0.0,0.0,,,,,,,,,,,,,,,,,,,,,,,,,,,,,,,,,,,,,,,,,,,,,,,,,,,,,,,,,,,,,,,,,,,,,,,,,,,,,,,,,,,,,,,,,,,,,,,,,,,,,,,,,,,,,,,,,,,
John Lovett,QB,FA,0.0,,0.0,,0.0,,0.0,,,,0.0,,0.0,,0.0,,0.6,,,,,,,,,,,,,,,,-,,0.1,0.6,,,,,,,,,,,,,,,,,,,,,,,,,,,,,,,,,,,,,,,,,,,,,,,,,,,,,,,,,,,,,,,,,,,,,,,,,,,,,,,,,,,,,,,,,,,,,,,,,,,,,,,,,,,,,,,,,,,
John Wolford,QB,TB,,,,,,,,,,,,,,,,,,,,,,,,,,,,,,,,,13.8,ARI,13.8,13.8,,,,,,,,,,,-1.1,,,,0.2,,,,,,,,,,,,,,,,,,,,,,-0.5,-0.9,,,,,,,,,,,,,,,,,,,9.8,,,ARI,,,8.0,,,SEA,,,,,,,,,8.9,17.8,,,,,,,,,,,,,,,,,,,,,,,,,,,,,,,,,,,,,,,
Jordan Love,QB,GB,,,,,,,,,,,,,,,,,,,,,,,,,,,,,,,,,,,,,0.7,,-0.3,,,,,,,,,,,,,,12.9,,,KC,-0.1,,,,,,,,,,,,1.7,,9.3,,4.0,24.1,2.6,DET,,,,,,,,,0.3,,,,,,,,,,,,8.5,,,,,,,,,,0.3,,,,2.9,11.7,23.0,,20.3,CHI,25.3,ATL,19.6,NO,8.0,DET,,LV,16.3,,15.6,DEN,13.8,MIN,18.7,LAR,20.9,PIT,26.6,LAC,23.7,DET,9.9,KC,17.5,NYG,24.0,TB,28.4,CAR,18.5,MIN,19.4,330.1,CHI
Josh Allen,QB,BUF,28.2,IND,34.5,BAL,32.2,KC,25.4,LV,18.3,TEN,16.1,KC,16.4,NYJ,13.5,NE,36.0,SEA,28.4,ARI,,,16.5,LAC,30.1,SF,19.3,PIT,37.7,DEN,32.3,NE,20.3,MIA,25.3,405.1,17.2,,17.7,NE,37.2,KC,21.0,WSH,36.5,HOU,29.7,KC,,TEN,29.5,,11.6,MIA,21.9,JAX,18.2,NYJ,28.7,IND,11.7,NO,36.2,NE,21.8,TB,31.0,CAR,23.9,NE,23.9,ATL,24.6,417.6,33.5,NYJ,29.7,MIA,26.7,CIN,24.5,MIA,36.2,BAL,26.4,PIT,,KC,19.6,,26.8,GB,21.6,NYJ,12.6,MIN,30.9,CLE,16.9,DET,20.6,NE,35.9,NYJ,25.0,MIA,2.7,CHI,22.8,,24.2,412.2,12.0,NE,23.7,NYJ,22.3,LV,36.5,WSH,28.8,MIA,14.9,JAX,25.3,NYG,30.1,NE,25.7,TB,16.4,CIN,23.5,DEN,40.7,NYJ,,PHI,21.5,,16.2,KC,26.0,DAL,22.2,LAC,25.1,NE,24.2,410.6,MIA
Josh Johnson,QB,BAL,,,,,,,,,,,,,,,,,,,,,,,,,,,,,,,,,,,,,,,,,,,,,,,,,,,0.7,,25.5,,,IND,,,2.0,,,,,,,,20.2,,,CIN,,,12.1,48.3,,,,,,,,PHI,,,,,,,,,,,,,,,,,,,0.7,,,,,,,,,,0.7,0.7,,,,,,,,,,,,,,,,,,,,,,,,,,,,,,,,,,,,,,,
Josh Rosen,QB,FA,,,,,,,,,,,,,,,,,,,,,,,,,,,,,,,,,,,,,,,0.0,,,,,,,,,,,,,,,,-0.4,,-0.8,,,,,,,,,,,,,,,,-0.4,-1.2,,,,,,,,,,,,,,,,,,,,,,,,,,,,,,,,,,,,,,,,,,,,,,,,,,,,,,,,,,,,,,,,,,,,,,,,,,,,,
Joshua Dobbs,QB,SF,,,,,,,,,,,,,,,,,,,,,,,,,,,,,,,,,2.1,,2.1,2.1,,,,,,,,,,,,,,,,,,,,,,,,,,,,,,,,,,,,,,,,,,,,,,,,,,,,,,,,,,,,,,,,,,,,,,,11.5,,11.4,DAL,11.4,22.8,1.0,JAX,25.2,WSH,17.1,NYG,23.4,DAL,10.7,SF,11.1,CIN,16.1,LAR,24.9,SEA,24.9,BAL,25.1,ATL,17.9,NO,8.5,DEN,,CHI,4.6,,,LV,,,,,,,16.2,210.7,
Justin Fields,QB,PIT,,,,,,,,,,,,,,,,,,,,,,,,,,,,,,,,,,,,,6.7,,4.5,,3.9,CIN,8.3,CLE,8.8,DET,14.3,LV,4.2,GB,26.3,TB,19.1,SF,,PIT,3.5,,,,,,20.4,,16.9,GB,,MIN,,,,,11.4,136.8,14.6,,9.8,SF,6.9,GB,10.2,HOU,17.0,NYG,19.4,MIN,24.4,WSH,26.0,NE,42.7,DAL,40.4,MIA,23.6,DET,,ATL,21.3,,,GB,23.6,,9.9,PHI,17.2,BUF,,DET,20.5,307.0,15.5,,16.7,GB,11.7,TB,28.9,KC,33.0,DEN,5.9,WSH,,MIN,,,,,,,21.2,,10.6,DET,,MIN,24.7,,11.6,DET,25.5,CLE,25.2,ARI,8.6,ATL,18.4,239.2,GB
Justin Herbert,QB,LAC,,,23.2,KC,15.7,CAR,24.0,TB,27.4,NO,,,38.5,JAX,23.2,DEN,23.4,LV,21.5,MIA,27.7,NYJ,17.4,BUF,6.4,NE,16.7,ATL,28.0,LV,16.7,DEN,33,KC,22.9,342.8,14.4,,16.7,WSH,30.8,DAL,21.3,KC,42.8,LV,12.0,CLE,,BAL,15.8,,31.6,NE,13.0,PHI,35.3,MIN,21.7,PIT,26.3,DEN,24.9,CIN,24.0,NYG,18.9,KC,17.7,HOU,28.4,DEN,23.3,395.8,23.3,LV,24.5,JAX,13.6,KC,21.1,JAX,14.4,HOU,9.4,CLE,18.1,DEN,,SEA,13.1,,13.0,ATL,19.7,SF,28.8,KC,18.1,ARI,19.5,LV,10.7,MIA,6.5,TEN,16.7,IND,18.8,LAR,17.0,289.3,20.9,DEN,22.2,MIA,29.3,TEN,24.4,MIN,,LV,19.1,,12.9,DAL,24.0,KC,7.1,CHI,29.4,NYJ,25.7,DET,14.4,GB,8.0,BAL,2.8,NE,,DEN,,,,,,,18.5,240.2,
Kellen Mond,QB,IND,,,,,,,,,,,,,,,,,,,,,,,,,,,,,,,,,,,,,,,,,,,,,,,0.0,,,,,,,,,,,,,,,,,,,,,,0.2,,,,0.1,0.2,,,,,,,,,,,,,,,,,,,,,,,,,,,,,,,,,,,,,,,,,,,,,,,,,,,,,,,,,,,,,,,,,,,,,,,,,,,,,
Kenny Pickett,QB,PHI,,,,,,,,,,,,,,,,,,,,,,,,,,,,,,,,,,,,,,,,,,,,,,,,,,,,,,,,,,,,,,,,,,,,,,,,,,,,,,,,,15.3,,13.1,,8.3,BUF,13.3,TB,8.3,MIA,,PHI,19.1,,16.0,NO,12.2,CIN,13.3,IND,1.6,ATL,,,13.7,,10.9,LV,13.9,BAL,12.2,158.9,11.7,CLE,11.3,SF,18.5,CLE,4.5,LV,12.4,HOU,,BAL,15.2,,3.9,LAR,10.3,,6.6,TEN,5.1,GB,11.6,CLE,3.1,CIN,,,,,,,,,,,9.5,114.2,
Kirk Cousins,QB,ATL,22.8,GB,1.5,IND,21.4,TEN,14.9,HOU,15.2,SEA,26.7,ATL,,,10.4,GB,20.8,DET,18.6,CHI,23.0,DAL,26.2,CAR,22.4,JAX,17.1,TB,20.3,CHI,23.6,NO,34.3,DET,20.0,319.2,22.0,,25.3,CIN,25.1,ARI,11.1,SEA,14.4,CLE,28.5,DET,,CAR,13.2,,21.6,DAL,17.5,BAL,25.2,LAC,16.5,GB,20.2,SF,16.0,DET,11.5,PIT,17.3,CHI,,LAR,21.9,,19.2,307.3,19.1,CHI,11.8,GB,18.3,PHI,13.9,DET,23.2,NO,16.5,CHI,,MIA,23.5,,17.4,ARI,17.5,WSH,2.2,BUF,22.9,DAL,11.8,NE,25.0,NYJ,34.4,DET,24.2,IND,10.9,NYG,13.0,GB,18.0,305.6,17.5,CHI,28.6,TB,26.7,PHI,11.6,LAC,19.9,CAR,8.7,KC,22.0,CHI,19.9,SF,,GB,,,,,,,,,,,,,,,,,,,19.3,154.7,
Kurt Benkert,QB,FA,,,,,,,,,,,,,,,,,,,,,,,,,,,,,,,,,,,,,,,,,,,,,,,,,,,,,,,,,,,,,,,-0.1,,,,,,,,,,-0.1,-0.1,,,,,,,,,,,,,,,,,,,,,,,,,,,,,,,,,,,,,,,,,,,,,,,,,,,,,,,,,,,,,,,,,,,,,,,,,,,,,
Kyle Allen,QB,PIT,,,,,,,,,9.7,,17.0,NYG,16.9,DAL,,,2.5,,,,,,,,,,,,,,,,-,,11.5,46.0,,,,,,,,,,,,,,,,,,,,,,,,,,,1.2,,,,6.7,,,,,,4.0,7.9,,,,,,,,,,,,,,,,,,,0.0,,,,11.8,,8.1,MIA,,CLE,,,,,,,,,6.6,19.9,,,-0.2,,-0.2,,-0.3,,,,0.0,,,,,,,,,,-0.2,,,,,,,,-0.2,,,,-0.2,,,,-0.2,-1.3,
Kyle Trask,QB,TB,,,,,,,,,,,,,,,,,,,,,,,,,,,,,,,,,,,,,,,,,,,,,,,,,,,,,,,,,,,,,,,,,,,,,,,,,,,,,,,,,,,,,,,,,,,,,,,,,,,,,,,,,,,,,0.9,,0.9,0.9,,,,,,,,,,,,,,,,,,,-0.1,,,,0.0,,,,,,,,,,,,,,-0.1,-0.1,
Kyler Murray,QB,ARI,27.3,SF,33.1,WSH,24.7,DET,23.1,CAR,27.3,NYJ,28.9,DAL,38.1,SEA,,,37.9,MIA,30.9,BUF,20.3,SEA,8.9,NE,17.4,LAR,18.5,NYG,34.1,PHI,16.4,SF,3.8,,24.4,390.7,34.6,,35.1,TEN,19.5,MIN,22.6,JAX,13.7,LAR,25.8,SF,22.4,CLE,11.1,HOU,,GB,,,,,,,30.8,,19.4,CHI,13.6,LAR,21.9,DET,22.9,IND,17.1,DAL,22.2,310.5,20.6,SEA,26.9,KC,13.4,LV,23.9,LAR,17.2,CAR,15.9,PHI,17.2,SEA,26.6,NO,19.0,MIN,,SEA,,,26.2,,,LAC,0.7,,,,,,,,,,18.9,207.5,,,,,,,,,,,,,,,,,,,18.3,,22.7,ATL,20.4,HOU,11.8,LAR,,PIT,15.3,,20.4,SF,24.7,CHI,17.8,PHI,18.9,151.4,SEA
Lamar Jackson,QB,BAL,27.5,TEN,17.6,BUF,14.2,KC,26.0,WSH,14.5,CIN,28.2,PHI,,,16.8,PIT,18.6,IND,22.5,NE,17.5,TEN,,,26.7,DAL,34.9,CLE,30.2,JAX,21.3,NYG,25.2,CIN,22.8,341.8,18.0,,34.3,LV,20.3,KC,19.4,DET,41.9,DEN,13.8,IND,23.1,LAC,,CIN,32.6,,16.4,MIN,,MIA,13.4,,18.6,CLE,1.2,PIT,,,,,,,,,21.1,253.0,21.2,,42.6,NYJ,40.4,MIA,15.1,NE,15.8,BUF,17.1,CIN,10.7,NYG,21.8,CLE,17.5,TB,,NO,16.5,,23.1,CAR,1.3,JAX,,,,,,,,,,,20.3,243.1,7.6,,22.9,HOU,28.2,CIN,28.1,IND,10.9,CLE,18.1,PIT,33.9,TEN,12.0,DET,11.5,ARI,15.0,SEA,24.0,CLE,15.0,CIN,,LAC,32.6,,19.5,LAR,22.6,JAX,36.3,SF,,MIA,21.1,338.2,
Logan Woodside,QB,ATL,,,,,,,,,,,,,,,,,,,0.0,,0.3,,-0.5,,,,1.8,,-0.3,,0.0,,-,,0.2,1.3,,,,,,,,,,,,,-0.1,,-0.1,,-0.1,,,,,,,,,,-0.3,,,,,,,,,,-0.2,-0.6,,,,,,,,,,,,,,,0.0,,,,,,,,,,,,,,,,,,,,,,0.0,0.0,,,,,,,,,,,,,,,,,,,,,,,,,,,,,,,,,,,0.7,,0.7,0.7,
Mac Jones,QB,JAC,,,,,,,,,,,,,,,,,,,,,,,,,,,,,,,,,,,,,15.2,,7.4,MIA,14.6,NYJ,17.9,NO,12.5,TB,15.8,HOU,22.2,DAL,11.7,NYJ,7.0,LAC,19.9,CAR,11.4,CLE,21.5,ATL,0.5,TEN,,,19.2,,7.1,IND,22.3,BUF,11.8,JAX,14.0,237.9,9.5,MIA,13.7,MIA,18.9,PIT,,BAL,,,,,1.9,,12.7,,9.7,NYJ,,IND,10.1,,23.3,NYJ,12.5,MIN,8.3,BUF,7.5,ARI,17.5,LV,16.3,CIN,19.2,MIA,12.9,181.1,25.1,BUF,14.7,PHI,13.3,MIA,2.7,NYJ,0.4,DAL,6.9,NO,20.0,LV,13.2,BUF,12.1,MIA,8.3,WSH,,IND,1.6,,,NYG,,,,,,,,,,,10.8,118.4,
Malik Cunningham,QB,BAL,,,,,,,,,,,,,,,,,,,,,,,,,,,,,,,,,,,,,,,,,,,,,,,,,,,,,,,,,,,,,,,,,,,,,,,,,,,,,,,,,,,,,,,,,,,,,,,,,,,,,,,,,,,,,,,,,,,,,,,,,,,0.0,,,,,,,,,,,,,,,,,,,,,,,,0.0,,0.0,0.0,
Malik Willis,QB,TEN,,,,,,,,,,,,,,,,,,,,,,,,,,,,,,,,,,,,,,,,,,,,,,,,,,,,,,,,,,,,,,,,,,,,,,,,,,,,,-0.2,,,,,,,,,,,,2.4,,7.2,HOU,-2.4,KC,,,,,1.4,,,,1.6,,12.3,,,HOU,,,3.2,22.3,,,,,,,,,,,4.7,,,,-1.6,,,,,,,,,,,,,,,,,,,,,,1.5,3.1,
Marcus Mariota,QB,WAS,,,,,,,,,,,,,,,,,,,,,,,,,,,,,26.8,LAC,,,-,,26.8,26.8,3.1,,,,,,,,,,,,0.4,,,,0.6,,,,,,6.4,,,,,,0.3,,,,1.6,,2.5,,2.1,14.9,19.8,,15.4,NO,16.6,LAR,4.9,SEA,18.0,CLE,24.2,TB,12.1,SF,24.4,CIN,7.6,CAR,18.7,LAC,17.7,CAR,14.9,CHI,11.4,WSH,,PIT,,,,,,,,,15.8,205.6,,,,,,,,,,,,,,,,,,,,,,,,,1.2,,0.0,,,,,,,,11.5,,4.3,12.8,NYG
Mason Rudolph,QB,TEN,,,,,,,,,,,-0.1,,,,,,0.1,,0.0,,-0.4,,,,,,,,,,,,19.7,CLE,3.9,19.4,,,,,,,,,,,,,,,,,,,16.3,,,DET,,,,,,,,,3.1,,,,,,9.7,19.4,,,,,,,,,,,,,,,,,,,,,,,,,,,,,,,,,,,,,,,,,,,,,,,,,,,,,,,,,,,,,,,,,,,0.1,,20.0,,11.5,CIN,8.0,SEA,9.9,39.6,BAL
Matt Barkley,QB,JAC,,,,,,,,,0.9,,,,,,,,,,,,,,0.0,,,,,,0.0,,0.1,,9.3,,2.1,10.3,,,,,,,,,,,,,,,,,,,,,,,,,,,,,,,,,,,,,,,,,,,,,,,,,,,,,,,,,,,,,0.0,,,,,,,,,,,,,,0.0,0.0,,,,,,,,,,,,,,,,,,,,,,,,,,,,,,,,,-0.3,,,,-0.3,-0.3,
Matt Corral,QB,FA,,,,,,,,,,,,,,,,,,,,,,,,,,,,,,,,,,,,,,,,,,,,,,,,,,,,,,,,,,,,,,,,,,,,,,,,,,,0.0,,,,,,,,,,,,,,,,,,,,,,,,,,0.0,,,,,,,,,,0.0,0.0,,,,,,,,,,,,,,,,,,,,,,,,,,,,,,,,,,,,,,,
Matt Ryan,QB,FA,24.9,SEA,28.5,DAL,12.4,CHI,12.4,GB,7.9,CAR,31.6,MIN,17.5,DET,18.9,CAR,23.4,DEN,,,7.3,NO,14.9,LV,12.9,NO,10.3,LAC,27.8,TB,19.9,KC,22.7,TB,18.3,293.4,7.4,,19.3,PHI,15.6,TB,29.0,NYG,21.6,WSH,,NYJ,18.4,,8.1,MIA,28.5,CAR,2.7,NO,4.1,DAL,11.2,NE,12.1,JAX,11.9,TB,13.4,CAR,13.1,SF,6.6,DET,11.8,BUF,13.8,234.9,16.3,NO,4.8,HOU,15.3,JAX,18.8,KC,8.1,TEN,27.2,DEN,11.9,JAX,,TEN,,,22.7,,8.6,LV,11.2,PHI,12.1,PIT,,DAL,11.3,,,MIN,,,,,14.0,168.3,,,,,,,,,,,,,,,,,,,,,,,,,,,,,,,,,,,,,,,
Matt Schaub,QB,FA,,,,,,,,,,,,,,,,,,,,,,,-0.4,,,,,,,,,,-,,-0.4,-0.4,,,,,,,,,,,,,,,,,,,,,,,,,,,,,,,,,,,,,,,,,,,,,,,,,,,,,,,,,,,,,,,,,,,,,,,,,,,,,,,,,,,,,,,,,,,,,,,,,,,,,,,,,,,,,,,,,,,
Matthew Stafford,QB,LAR,17.2,CHI,17.2,GB,18.5,ARI,23.3,NO,,,13.3,JAX,18.4,ATL,23.4,IND,10.4,MIN,23.0,WSH,7.6,CAR,17.1,HOU,27.1,CHI,14.4,GB,15.3,TEN,0.7,,23.6,MIN,16.9,270.6,24.3,,18.2,ARI,29.5,TB,20.3,SF,17.5,CIN,26.2,SEA,27.2,NYG,24.2,DET,15.1,HOU,11.8,TEN,,SF,23.0,,24.0,GB,23.5,JAX,16.5,ARI,9.7,SEA,16.3,MIN,19.5,BAL,20.4,346.7,10.8,SF,20.9,BUF,10.2,ATL,7.8,ARI,11.3,SF,12.8,DAL,,CAR,17.4,,10.5,SF,,TB,14.8,,,NO,,,,,,,,,,,,,12.9,116.4,14.5,,16.0,SEA,13.5,SF,17.2,CIN,16.9,IND,13.2,PHI,15.0,ARI,12.4,PIT,,DAL,,,10.7,,24.4,SEA,23.0,ARI,23.7,CLE,18.5,BAL,20.7,WSH,14.6,NO,,NYG,16.9,254.1,
Max Duggan,QB,LAC,,,,,,,,,,,,,,,,,,,,,,,,,,,,,,,,,,,,,,,,,,,,,,,,,,,,,,,,,,,,,,,,,,,,,,,,,,,,,,,,,,,,,,,,,,,,,,,,,,,,,,,,,,,,,,,,,,,,,,,,,,,,,,,,,0.0,,,,,,,,,,,,,,,,,,,,0.0,0.0,
Mike Glennon,QB,FA,,,,,,,,,,,,,,,,,,,,,,,18.0,CLE,14.1,MIN,2.4,TEN,,,14.4,CHI,16.6,IND,13.1,65.6,,,,,,,,,10.0,,,DAL,,,,,,,,,,,,,6.5,,19.3,MIA,1.0,LAC,7.8,DAL,-3.7,PHI,,,6.8,40.9,,,,,,,,,,,,,,,,,,,,,,,,,,,,,,,,,,,,,,,,,,,,,,,,,,,,,,,,,,,,,,,,,,,,,,,,,,,,,
Mike White,QB,MIA,,,,,,,,,,,,,,,,,,,,,0.0,,,,,,,,,,,,-,,0.0,0.0,,,,,,,,,,,,,10.1,,28.1,NE,7.8,CIN,6.0,,,BUF,,,,,,,,,,,,,,,13.0,52.0,,,,,,,,,,,,,,,,,,,,,,,24.8,,19.5,CHI,10.7,MIN,,BUF,,,5.6,,,SEA,15.1,60.6,,,,,6.6,,,,,,-1.4,,,,,,,,,,,,-0.2,,0.1,,,,0.0,,,,-2.0,,,,0.5,3.1,
Mitch Trubisky,QB,BUF,24.3,NO,15.2,NYG,12.6,ATL,,,,,,,,,0.3,,,,,,,,20.7,GB,13.3,DET,25.0,HOU,14.5,MIN,24.6,JAX,11.3,GB,16.2,161.7,,,-0.2,,1.9,,7.3,,,,,,,,,,,,,,-0.2,,,,,,,,,,,,,,0.3,,1.8,9.1,12.7,,12.4,CIN,15.0,NE,2.5,CLE,,,10.3,,,,,,,,,,,,,,,,12.0,,14.1,BAL,,CAR,,,,,11.3,78.9,,,,,,,0.7,,,,,,,,9.3,,,JAX,,,,,,,7.2,,21.6,ARI,14.9,NE,,IND,,,,,10.7,53.7,
Nate Sudfeld,QB,DET,,,,,,,,,,,,,,,,,,,,,,,,,,,,,,,,,-0.5,,-0.5,-0.5,,,,,,,,,,,,,,,,,,,,,,,,,,,,,,,,,,,,,,,,,,,,,,,,,,,,,,,,,,,,,,,-0.1,,,,,,,,-0.3,,,,-0.2,-0.4,,,,,,,,,,,,,,,,,,,,,,,,,,,,,,,,,,,,,,,
Nathan Peterman,QB,NO,,,,,,,,,,,,,,,,,,,,,,,1.9,,,,,,,,,,-,,1.9,1.9,,,,,,,,,0.2,,,,,,,,,,,,,,,,,,,,,,,,,,,,0.2,0.2,,,,,,,,,,,,,,,,,,,,,,,,,,,,,0.0,,0.0,,,,9.3,,3.1,9.3,,MIN,,,,,,,,,,,-0.4,,,,,,,,,,,,,,,,,,,,,,0.0,,-0.2,-0.4,
Nick Foles,QB,FA,,,,,18.2,ATL,12.9,IND,12.6,TB,17.3,CAR,8.4,LAR,17.9,NO,21.6,TEN,3.4,MIN,,,,,,,,,,,-0.2,,-,,12.5,112.2,,,,,,,,,,,,,,,,,,,,,,,,,,,,,,,16.8,,,SEA,,,16.8,16.8,,,,,,,,,,,,,,,,,,,,,,,,,,,,,,,2.7,,3.0,LAC,,,2.9,5.8,,,,,,,,,,,,,,,,,,,,,,,,,,,,,,,,,,,,,,,
Nick Mullens,QB,MIN,,,1.6,,17.7,NYG,8.0,PHI,,,,,,,17.5,SEA,12.6,GB,12.2,NO,,,9.1,LAR,22.6,BUF,13.4,WSH,13.5,DAL,,,-,,12.8,128.3,,,,,,,,,,,,,,,,,,,,,,,,,,,,,9.9,,,LV,,,,,9.9,9.9,,,,,,,,,,,,,,,,,-0.1,,,,2.2,,,,,,,,,,,,6.3,,4.4,,3.2,12.8,,CHI,,,,,,,,,,,,,,,,,,,,,,,,,3.3,,19.1,,20.5,CIN,9.1,DET,22.6,GB,14.9,74.7,DET
P.J. Walker,QB,CLE,,,,,,,,,,,,,,,0.1,,,,0.5,,12.1,,,,,,,,,,,,0.8,,3.4,13.5,,,,,,,,,,,,,2.6,,-0.1,,,,6.3,,,,2.5,,,,5.5,,,,,,,,,,3.4,16.8,,,,,,,,,2.4,,2.3,,15.1,,17.7,,-1.0,,5.7,,,,,,,,,,,,,,,,,,7.0,42.1,,,,,,,,,,,5.8,,6.4,,12.6,,0.0,,0.0,,,,0.1,,,,,,,,,,,,,,4.2,25.0,
Patrick Mahomes II,QB,KC,20.4,,27.5,,40.0,,20.2,,30.7,,20.6,,12.0,,36.6,,31.5,,,,22.5,,31.3,,19.3,,21.6,,25.9,,20.2,,-,,25.4,380.4,33.3,,25.0,,24.9,,32.3,,21.0,,25.0,,8.7,,15.0,,10.4,,36.2,,8.5,,,,13.6,,20.3,,30.6,,22.3,,20.9,,26.2,,22.0,374.2,34.9,,17.3,,18.1,,24.4,,30.5,,21.6,,27.9,,,,35.1,,32.1,,27.5,,19.4,,19.8,,22.8,,32.7,,23.8,,25.5,,15.0,,25.2,428.4,20.5,,22.2,,25.7,,15.2,,19.2,,18.3,,34.9,,7.6,,15.8,,,,17.9,,20.8,,14.0,,14.6,,17.7,,17.7,,12.0,,,,18.4,294.2,
Philip Rivers,QB,FA,16.8,BUF,11.9,MIN,12.7,NYJ,11.2,CHI,7.6,CLE,25.7,CIN,,,22.3,DET,8.1,BAL,16.3,TEN,22.4,GB,18.8,TEN,19.2,HOU,17.8,LV,17.0,HOU,11.8,PIT,11.4,JAX,15.7,251.0,,,,,,,,,,,,,,,,,,,,,,,,,,,,,,,,,,,,,,,,,,,,,,,,,,,,,,,,,,,,,,,,,,,,,,,,,,,,,,,,,,,,,,,,,,,,,,,,,,,,,,,,,,,,,,,,,,,
Robert Griffin III,QB,FA,0.3,,,,,,-0.7,,-0.1,,,,,,,,,,,,,,5.1,PIT,,,,,,,,,-,,1.1,4.6,,,,,,,,,,,,,,,,,,,,,,,,,,,,,,,,,,,,,,,,,,,,,,,,,,,,,,,,,,,,,,,,,,,,,,,,,,,,,,,,,,,,,,,,,,,,,,,,,,,,,,,,,,,,,,,,,,,
Russell Wilson,QB,PIT,31.8,LAR,34.4,NE,36.8,DAL,21.9,MIA,25.5,MIN,,,32.9,ARI,28.7,SF,24.1,BUF,11.9,LAR,20.1,ARI,14.4,PHI,16.0,NYG,23.1,NYJ,13.0,WSH,19.9,LAR,18.1,SF,23.3,372.8,27.1,,23.3,IND,16.6,TEN,22.6,MIN,10.1,SF,,LAR,,,,,,,7.6,,8.5,GB,19.5,ARI,17.7,WSH,21.2,SF,5.2,HOU,16.5,LAR,27.8,CHI,25.0,DET,17.8,248.8,17.8,ARI,12.1,SEA,9.1,HOU,26.5,SF,11.2,LV,13.8,IND,,LAC,14.8,,,JAX,15.2,,10.7,TEN,8.5,LV,9.7,CAR,26.6,BAL,,KC,11.3,,24.6,LAR,24.1,KC,15.7,235.8,15.2,LAC,26.9,LV,15.2,WSH,22.2,MIA,18.7,CHI,8.9,NYJ,13.9,KC,17.6,GB,,KC,18.7,,14.5,BUF,16.8,MIN,18.8,CLE,16.5,HOU,17.5,LAC,23.5,DET,,NE,,,17.7,264.9,
Ryan Finley,QB,FA,,,,,0.0,,,,,,,,,,,,,,,,2.1,,,,0.6,,0.2,,18.3,PIT,,,-,,4.2,21.2,,,,,,,,,,,,,,,,,,,,,,,,,,,,,,,,,,,,,,,,,,,,,,,,,,,,,,,,,,,,,,,,,,,,,,,,,,,,,,,,,,,,,,,,,,,,,,,,,,,,,,,,,,,,,,,,,,,
Ryan Fitzpatrick,QB,FA,8.4,NE,24.3,BUF,24.2,JAX,23.3,SEA,27.6,SF,18.0,NYJ,,,,,,,,,4.3,DEN,19.3,NYJ,,,0.0,,,,11.3,,-,,16.1,160.7,0.7,,,,,,,,,,,,,,,,,,,,,,,,,,,,,,,,,,,,0.7,0.7,,,,,,,,,,,,,,,,,,,,,,,,,,,,,,,,,,,,,,,,,,,,,,,,,,,,,,,,,,,,,,,,,,,,,,,,,,,,,
Ryan Tannehill,QB,TEN,19.4,BAL,26.8,JAX,12.7,MIN,,,30.0,BUF,29.6,HOU,17.3,PIT,18.3,CIN,14.6,CHI,10.8,IND,22.9,BAL,19.1,IND,28.6,CLE,16.5,JAX,37.0,DET,18.3,GB,28.4,HOU,21.9,350.4,15.2,,14.6,ARI,23.5,CIN,18.8,IND,14.0,NYJ,13.9,JAX,20.4,BUF,23.2,KC,15.0,IND,18.6,LAR,13.2,NO,9.1,HOU,,NE,16.5,,10.9,JAX,14.6,PIT,13.5,SF,27.3,MIA,16.6,282.4,19.3,HOU,2.9,NYG,19.8,BUF,14.4,LV,11.5,IND,,WSH,3.9,,,IND,,,19.4,,20.0,DEN,12.5,GB,13.0,CIN,18.8,PHI,11.7,JAX,,LAC,,,,,13.9,167.2,5.4,,21.0,NO,4.2,LAC,13.7,CLE,10.8,CIN,2.0,IND,,BAL,,,,,,,,,,,,,,,,,9.8,,6.7,SEA,13.4,HOU,9.7,87.0,JAX
Sam Darnold,QB,MIN,12.2,BUF,11.9,SF,9.7,IND,23.6,DEN,,,,,2.8,BUF,7.4,KC,,,,,,,6.8,MIA,21.0,LV,5.6,SEA,14.1,LAR,17.0,CLE,12.9,NE,12.1,145.0,19.1,,19.9,NYJ,25.3,NO,33.5,HOU,9.1,DAL,16.1,PHI,3.5,MIN,11.8,NYG,4.8,ATL,,NE,,,,,,,,,,,8.7,,3.0,TB,15.7,NO,14.2,170.3,,TB,,,,,,,,,,,,,,,,,,,,,16.9,,,DEN,11.8,,13.2,SEA,21.9,PIT,22.6,DET,2.9,TB,14.9,89.3,-0.2,NO,,,-0.1,,-0.1,,-0.1,,,,,,,,,,-0.1,,,,,,-0.1,,,,0.6,,7.1,,-0.2,,17.5,,2.4,24.4,LAR
Sam Ehlinger,QB,IND,,,,,,,,,,,,,,,,,,,,,,,,,,,,,,,,,,,,,,,,,,,,,,,,,,,,,0.1,,,,0.9,,,,-0.1,,,,,,,,,,,,0.3,0.9,,,,,,,,,,,,,,,7.5,,7.0,WSH,,NE,,,,,,,,,,,,,7.6,,16.5,,9.7,38.6,,HOU,,,,,,,,,,,,,,,,,,,,,,,,,0.0,,,,,,,,,,0.0,0.0,
Sam Howell,QB,SEA,,,,,,,,,,,,,,,,,,,,,,,,,,,,,,,,,,,,,,,,,,,,,,,,,,,,,,,,,,,,,,,,,,,,,,,,,,,,,,,,,,,,,,,,,,,,,,,,,,,,,,,,,,,,,19.3,,19.3,19.3,16.2,DAL,21.3,ARI,4.6,DEN,19.6,BUF,26.4,PHI,18.3,CHI,10.5,ATL,32.0,NYG,18.7,PHI,24.2,NE,20.7,SEA,18.3,NYG,20.2,DAL,,MIA,9.3,,0.2,LAR,8.7,NYJ,8.4,SF,16.3,277.5,DAL
Sean Clifford,QB,GB,,,,,,,,,,,,,,,,,,,,,,,,,,,,,,,,,,,,,,,,,,,,,,,,,,,,,,,,,,,,,,,,,,,,,,,,,,,,,,,,,,,,,,,,,,,,,,,,,,,,,,,,,,,,,,,,,0.0,,,,,,,,,,,,,,,,,,,,,,,,,,,,,,,,1.3,,,,0.6,1.3,
Sean Mannion,QB,FA,,,,,,,,,,,,,,,,,,,,,,,,,,,,,,,,,,,,,,,,,,,,,,,,,,,,,,,,,,,,,,,,,,,,,13.0,,,GB,13.0,13.0,,,,,,,,,,,,,,,,,,,,,,,,,,,,,,,,,,,,,,,,,,,,,,,,,,,,,,,,,,,,,,,,,,,,,,,,,,,,,
Skylar Thompson,QB,MIA,,,,,,,,,,,,,,,,,,,,,,,,,,,,,,,,,,,,,,,,,,,,,,,,,,,,,,,,,,,,,,,,,,,,,,,,,,,,,,BUF,,,,,3.6,,4.5,NYJ,,,,,,,0.7,,,,-1.3,,-1.0,,,,,,,,7.6,,6.4,NE,2.9,20.5,,NYJ,,,,,,,,,,,,,,,,,,,,,,,,,,,,,,,,,0.0,,0.0,0.0,
Taylor Heinicke,QB,ATL,,TB,,,,,,,,,,,,,,,,,,,,,,,,,,,,,11.7,CAR,-,,11.7,11.7,10.6,,21.0,,22.4,NYG,27.9,BUF,11.9,ATL,10.3,NO,21.2,KC,13.8,GB,,DEN,15.7,,23.1,TB,12.2,CAR,15.8,SEA,8.7,LV,,DAL,6.7,,10.3,DAL,5.1,PHI,14.8,236.9,,NYG,,,,,,,,,,,15.4,,23.1,GB,14.7,IND,6.4,MIN,7.8,PHI,12.4,HOU,17.6,ATL,,NYG,13.3,,11.2,NYG,,SF,,,13.6,122.0,,,,,,,,,,,,,,,12.4,,15.7,TEN,9.6,MIN,,ARI,,,,,,,,,14.2,,18.1,IND,,CHI,14.0,70.0,
Teddy Bridgewater,QB,FA,19.4,LV,10.7,TB,14.6,LAC,27.2,ARI,20.8,ATL,11.4,CHI,19.2,NO,13.0,ATL,28.3,KC,20.0,TB,,,14.9,MIN,,,20.4,DEN,16.9,GB,9.6,WSH,5.7,NO,16.8,252.2,20.5,,21.2,NYG,11.8,JAX,6.8,NYJ,19.6,BAL,21.3,PIT,14.8,LV,12.6,CLE,21.9,WSH,9.0,DAL,,PHI,16.2,,14.0,LAC,15.2,KC,4.9,DET,,CIN,,,,,15.0,209.7,,,,,0.0,,11.8,,0.0,CIN,20.2,,,MIN,,,,,,,,,,,,,,,,,,,10.0,,,NE,8.4,42.0,,,,,,,,,-0.2,,,,,,,,,,,,,,,,,,,,,,,,,,,,-0.2,-0.2,
Tim Boyle,QB,HOU,-0.2,,-0.1,,,,-0.1,,,,0.0,,-0.1,,,,-0.1,,,,,,0.0,,,,,,,,-0.3,,-,,-0.1,-0.9,,,,,,,,,,,,,,,,,,,,,1.1,,,CLE,,,,,,,10.5,,18.9,ATL,-0.1,SEA,7.6,30.3,,,,,,,,,,,,,,,,,,,,,,,,,,,,,,,,,,,-0.9,,-0.9,-0.9,,,,,,,,,,,,,,,,,,,,,0.4,,9.4,,5.1,MIA,,ATL,,,,,,,,,5.0,14.9,
Tom Brady,QB,FA,22.5,WSH,9.7,NO,23.9,GB,33.5,KC,14.1,CHI,14.6,GB,36.9,LV,19.1,NYG,5.4,NO,31.8,CAR,14.6,LAR,23.7,KC,,,15.6,MIN,23.4,ATL,29.9,DET,31.3,ATL,21.9,349.9,29.2,,29.6,PHI,28.7,LAR,11.1,LAR,37.7,NE,19.0,MIA,24.4,PHI,27.2,CHI,,NO,15.0,,20.3,WSH,12.2,NYG,29.6,IND,30.1,ATL,5.8,BUF,14.4,NO,27.4,CAR,25.0,NYJ,22.7,386.7,11.4,CAR,9.4,DAL,14.7,NO,25.4,GB,19.7,KC,13.7,ATL,11.7,PIT,17.1,CAR,15.2,BAL,17.0,LAR,,SEA,18.0,,18.1,CLE,12.1,NO,18.6,SF,13.3,CIN,37.7,ARI,7.4,CAR,16.5,280.7,,,,,,,,,,,,,,,,,,,,,,,,,,,,,,,,,,,,,,,
Tommy DeVito,QB,NYG,,,,,,,,,,,,,,,,,,,,,,,,,,,,,,,,,,,,,,,,,,,,,,,,,,,,,,,,,,,,,,,,,,,,,,,,,,,,,,,,,,,,,,,,,,,,,,,,,,,,,,,,,,,,,,,,,,,,,,,,,,,,,0.0,,7.2,,10.7,,14.5,LV,22.5,DAL,10.2,WSH,,NE,17.4,,10.7,GB,2.7,NO,,,0.6,,9.7,96.5,
Tommy Stevens,QB,FA,,,,,,,,,,,,,,,,,,,,,,,,,,,,,,,,,2.4,,2.4,2.4,,,,,,,,,,,,,,,,,,,,,,,,,,,,,,,,,,,,,,,,,,,,,,,,,,,,,,,,,,,,,,,,,,,,,,,,,,,,,,,,,,,,,,,,,,,,,,,,,,,,,,,,,,,,,,,,,,,
Trace McSorley,QB,FA,,,,,,,,,,,,,,,,,,,,,,,8.7,,,,0.6,,,,,,-,,4.7,9.3,,,,,,,,,,,,,,,,,,,,,,,,,,,,,,,,,0.0,,,,0.0,0.0,2.5,,,,,,,,,,,,,,,,,,,,2.0,,,,,,,,2.6,,5.1,,,TB,1.5,,2.7,13.6,,,,,,,,,,,,,,,,,,,,,,,,,,,,,,,,,,,,,,,
Trevor Lawrence,QB,JAC,,,,,,,,,,,,,,,,,,,,,,,,,,,,,,,,,,,,,22.1,,8.8,HOU,9.5,DEN,17.8,ARI,22.7,CIN,15.9,TEN,,MIA,13.6,,5.1,SEA,9.8,BUF,8.6,IND,18.0,SF,6.8,ATL,5.0,LAR,10.5,TEN,12.9,HOU,10.3,NYJ,18.6,NE,12.7,216.0,14.4,IND,18.5,WSH,25.2,IND,6.7,LAC,12.3,PHI,24.9,HOU,18.7,IND,8.8,NYG,16.7,DEN,21.0,LV,,KC,24.9,,16.4,BAL,33.4,DET,27.8,TEN,18.3,DAL,5.5,NYJ,10.2,HOU,17.9,303.6,18.7,TEN,9.2,IND,15.4,KC,16.5,HOU,15.7,ATL,15.7,BUF,18.1,IND,15.7,NO,,PIT,4.1,,32.2,SF,25.6,TEN,25.1,HOU,20.4,CIN,14.7,CLE,11.3,BAL,,TB,18.2,,17.3,276.5,TEN
Trevor Siemian,QB,NYJ,,,,,,,,,,,,,,,,,,,,,,,,,,,,,,,,,,,,,,,,,,,,,,,,,,,10.6,,16.0,TB,19.9,ATL,26.2,TEN,9.8,PHI,,BUF,,,,,,,,,10.7,,15.5,93.2,,ATL,,,,,,,,,,,,,0.2,,,,,,,,11.0,,,NYJ,,,,,,,,,,,5.6,11.2,,,,,,,,,,,,,,,,,,,,,,,,,1.4,,,,0.4,,11.5,MIA,14.7,WSH,2.9,CLE,6.2,31.0,NE
Trey Lance,QB,DAL,,,,,,,,,,,,,,,,,,,,,,,,,,,,,,,,,,,,,4.4,,,,6.1,,20.4,,15.6,SEA,,ARI,,,,,,,,,0.4,,,,,,,,,,,,20.1,,,HOU,11.2,66.9,11.0,,2.5,CHI,,,,,,,,,,,,,,,0.0,,,,,,,,,,,,,,,,,,4.5,13.5,,,,,,,,,,,,,,,,,,,,,,,,,,,,,,,,,,,,,,,
Tua Tagovailoa,QB,MIA,,,,,,,,,,,0.4,,,,5.7,LAR,21.4,ARI,14.7,LAC,7.3,DEN,,,16.1,CIN,28.0,KC,19.7,NE,8.9,LV,18.2,BUF,14.0,140.5,17.2,,0.5,NE,,,,,,,22.4,,28.5,JAX,16.2,ATL,,BUF,12.3,,18.5,BAL,13.2,NYJ,17.9,CAR,,NYG,15.7,,11.0,NYJ,5.3,NO,12.2,TEN,14.7,190.9,14.8,NE,40.9,NE,11.4,BAL,3.4,BUF,,,,,15.9,,29.2,PIT,24.1,DET,23.4,CHI,,CLE,16.0,,15.8,HOU,12.6,SF,18.1,LAC,13.4,BUF,,GB,,,18.4,238.9,28.1,,13.3,LAC,28.4,NE,15.0,DEN,18.9,BUF,22.5,NYG,11.3,CAR,22.8,PHI,12.4,NE,,KC,18.6,,9.8,LV,19.2,NYJ,9.1,WSH,13.0,TEN,15.5,NYJ,16.9,DAL,9.6,BAL,16.7,284.4,BUF
Tyler Bray,QB,FA,,,,,,,,,,,,,,,,,,,0.7,,,,,,,,,,,,,,-,,0.7,0.7,,,,,,,,,,,,,,,,,,,,,,,,,,,,,,,,,,,,,,,,,,,,,,,,,,,,,,,,,,,,,,,,,,,,,,,,,,,,,,,,,,,,,,,,,,,,,,,,,,,,,,,,,,,,,,,,,,,
Tyler Huntley,QB,CLE,,,,,,,,,,,,,,,,,,,,,,,,,,,,,2.1,,,,0.8,,1.5,2.9,,,,,,,,,,,1.0,,1.6,,,,,,,,11.8,,,CHI,,,15.3,,35.9,CLE,,GB,12.3,,8.8,LAR,12.4,86.6,,PIT,,,,,,,,,,,,,,,,,,,,,,,16.6,,6.6,DEN,6.0,PIT,13.2,CLE,10.6,ATL,,PIT,10.6,53.0,,,,,,,0.8,,,,,,0.0,,,,6.3,,,,,,,,,,,,,,,,4.7,,13.8,,5.1,25.6,PIT
Tyrod Taylor,QB,NYJ,9.0,CIN,,,,,,,,,,,,,,,0.0,,,,,,,,,,,,,,,,-,,4.5,9.0,23.6,,16.5,JAX,,,,,,,,,,,,,8.9,,,MIA,19.1,,16.3,TEN,2.3,NYJ,,,,,,,,,,,14.5,86.7,,,0.0,,,,2.4,,,,,,,,,,,,,,,,,,,,9.9,,,,,,,,,,4.1,12.3,0.2,,,,0.2,,,,4.8,,10.4,,21.7,BUF,3.6,WSH,,,,,,,,,,,,,0.5,,10.4,,19.8,,18.7,LAR,9.0,90.3,PHI
Tyson Bagent,QB,CHI,,,,,,,,,,,,,,,,,,,,,,,,,,,,,,,,,,,,,,,,,,,,,,,,,,,,,,,,,,,,,,,,,,,,,,,,,,,,,,,,,,,,,,,,,,,,,,,,,,,,,,,,,,,,,,,,,,,,,,,,,,,6.7,,12.9,,13.2,LV,18.8,LAC,7.7,NO,,CAR,,,,,,,,,,,,,,,11.9,59.3,
Will Levis,QB,TEN,,,,,,,,,,,,,,,,,,,,,,,,,,,,,,,,,,,,,,,,,,,,,,,,,,,,,,,,,,,,,,,,,,,,,,,,,,,,,,,,,,,,,,,,,,,,,,,,,,,,,,,,,,,,,,,,,,,,,,,,,,,,,,,26.6,,9.7,ATL,7.0,PIT,12.5,TB,7.1,JAX,11.5,CAR,17.6,IND,15.5,MIA,,HOU,-1.4,,,,11.8,106.0,
Zach Wilson,QB,NYJ,,,,,,,,,,,,,,,,,,,,,,,,,,,,,,,,,,,,,19.3,,6.3,CAR,4.6,NE,18.7,DEN,9.0,TEN,,ATL,2.0,,,,,,,,,,11.1,,22.0,HOU,11.4,PHI,12.0,NO,23.2,MIA,13.4,JAX,9.9,TB,12.5,162.9,,BUF,,,,,19.8,,14.6,PIT,4.5,MIA,7.2,GB,19.4,DEN,10.6,NE,,BUF,5.7,,,NE,,,,,20.4,,2.8,DET,,JAX,,,11.7,104.9,9.2,,11.4,BUF,6.4,DAL,19.2,NE,9.6,KC,10.9,DEN,,PHI,12.1,,7.2,NYG,14.9,LAC,7.7,LV,,BUF,,,19.2,,-1.0,HOU,,,,,,,10.6,126.9,

Patrick Mahomes,,,,HOU,,CLE,,BUF,,TB,,LV,,BUF,,DEN,,NYJ,,CAR,,,,LV,,TB,,DEN,,MIA,,NO,,ATL,,,,,,,,CLE,,BAL,,LAC,,PHI,,BUF,,WSH,,TEN,,NYG,,GB,,LV,,DAL,,,,DEN,,LV,,LAC,,PIT,,CIN,,,,DEN,,ARI,,JAX,,CIN,,PHI,,LV,,BUF,,SF,,,,TEN,,JAX,,LAC,,LAR,,CIN,,DEN,,HOU,,SEA,,DEN,,,,LV,,DET,,JAX,,CHI,,NYJ,,MIN,,DEN,,LAC,,DEN,,MIA,,,,PHI,,LV,,GB,,BUF,,NE,,LV,,CIN,,,
Gardner Minshew,,,,IND,,TEN,,MIA,,CIN,,HOU,,DET,,LAC,,,,,,,,,,,,,,TEN,,BAL,,,,,,,,,,,,,,,,,,,,,,,,,,,,,,,,,,NYJ,,,,,,,,,,,,DAL,,,,,,,,,,,,,,,,,,,,,,,,,,,,,,,,DAL,,NO,,,,,,,,HOU,,BAL,,,,,,JAX,,CLE,,NO,,CAR,,NE,,,,TB,,TEN,,CIN,,PIT,,ATL,,LV,,,HOU
Taysom Hill,,,,,,,,,,,,,,,,,,,,,,,,ATL,,DEN,,ATL,,PHI,,,,,,,,,,,,,,,,,,,,,,,,,,,,,,,,,,,,DAL,,NYJ,,TB,,,,CAR,,,,,,,,,,,,,,,,,,,,,,,,,,,,,,,,,,,,,,,,,,,,,,,,,,,,,,,,,,,,,,,,,,,,,,,,,,,,,,,
PJ Walker,,,,,,,,,,,,,,,,,,,,,,,,DET,,,,,,,,,,,,,,,,,,,,,,,,,,,,,,,,,,,,ARI,,,,,,,,,,,,,,,,,,,,,,,,,,,,,,,,TB,,ATL,,,,ATL,,,,,,,,,,,,,,,,,,,,,,,,,,,,,,SF,,IND,,SEA,,,,,,,,,,,,,,,,,,,,,
Anthony Brown,,,,,,,,,,,,,,,,,,,,,,,,,,,,,,,,,,,,,,,,,,,,,,,,,,,,,,,,,,,,,,,,,,,,,,,,,,,,,,,,,,,,,,,,,,,,,,,,,,,,,,,,,,,,,,,,,,,,CIN,,,,,,,,,,,,,,,,,,,,,,,,,,,,,,,,,,,,,
